Time,lat_estimated,lon_estimated,latitude,longitude,RealTime,CalculationTime,MeasuredVelocity,FilteredVelocity,Roll,SteeringAngle,RollRate,gy,gz,ax,ay,az,imu_read_timing,v_estimated,yaw_estimated,heading_estimated,x_estimated,y_estimated,GPS_timestamp,x_GPS,y_GPS,theta_GPS,theta_GPS_noUnwrap,status,NMEA timestamp
0.06063,57.68790467,11.98127433,57.68790467,11.98127433,16:40:47.149578,0.06059,0.00000,1.50000,-0.00057,0.14366,0.01765,-0.01177,0.00682,0.00244,-0.01824,0.99686,0.00001,0.00000,-0.08392,0.00000,0.00000,0.00000,0.01452,0.00000,0.00000,0.00000,0.00000,A,164047.00
0.07179,57.68790467,11.98127433,57.68790467,11.98127433,16:40:47.160729,0.00539,0.00000,0.00000,0.00007,0.13962,0.01933,-0.01177,0.01339,0.00732,-0.01049,0.98234,0.06591,0.00000,-0.08356,-0.00203,0.00000,0.00000,0.01452,0.00000,0.00000,0.00000,0.00000,A,164047.00
0.08212,57.68790467,11.98127433,57.68790467,11.98127433,16:40:47.171061,0.00533,0.00000,0.00000,-0.00048,0.13925,0.01765,-0.00841,0.00850,0.00183,-0.01690,0.97862,0.07638,0.00000,-0.08323,-0.00191,0.00000,0.00000,0.01452,0.00000,0.00000,0.00000,0.00000,A,164047.00
0.09222,57.68790467,11.98127433,57.68790467,11.98127433,16:40:47.181160,0.00503,0.00000,0.00000,-0.00105,0.13894,0.01597,-0.01482,0.00972,-0.00860,-0.01830,0.98509,0.08675,0.00000,-0.08291,-0.00178,0.00000,0.00000,0.01452,0.00000,0.00000,0.00000,0.00000,A,164047.00
0.10609,57.68790467,11.98127433,57.68790467,11.98127433,16:40:47.195431,0.00838,0.00000,0.00000,-0.00175,0.13860,0.01902,-0.01085,0.00606,-0.01372,-0.02916,0.99503,0.09713,0.00000,-0.08262,-0.00168,0.00000,0.00000,0.01452,0.00000,0.00000,0.00000,0.00000,A,164047.00
0.11428,57.68790467,11.98127433,57.68790467,11.98127433,16:40:47.203223,0.00541,0.00000,0.00000,-0.00258,0.13820,0.01719,-0.01009,0.00575,0.00262,-0.03880,1.00003,0.10849,0.00000,-0.08233,-0.00163,0.00000,0.00000,0.01452,0.00000,0.00000,0.00000,0.00000,A,164047.00
0.16693,57.68790467,11.98127433,57.68790433,11.98127417,16:40:47.255916,0.04766,0.00000,1.50000,-0.00335,0.13778,0.01413,-0.00947,0.00254,0.01787,-0.03245,1.00674,0.11875,0.00000,-0.08205,-0.00160,0.00000,0.00000,0.13483,-0.00991,-0.03706,-1.83196,-1.83196,A,164047.10
0.18315,57.68790465,11.98127432,57.68790433,11.98127417,16:40:47.272120,0.00680,0.00000,0.00000,-0.00313,0.13529,0.01154,-0.01864,0.00728,0.02056,-0.00177,0.98814,0.17729,0.00000,-0.35638,-0.27740,-0.00050,-0.00185,0.13483,-0.00991,-0.03706,-1.83196,-1.83196,A,164047.10
0.19183,57.68790463,11.98127432,57.68790433,11.98127417,16:40:47.280781,0.00508,0.00000,0.00000,-0.00364,0.13506,0.00986,-0.01406,0.01003,0.00866,-0.01196,0.97893,0.18634,0.00000,-0.58955,-0.51069,-0.00097,-0.00361,0.13483,-0.00991,-0.03706,-1.83196,-1.83196,A,164047.10
0.20249,57.68790462,11.98127431,57.68790433,11.98127417,16:40:47.291431,0.00516,0.00000,0.00000,-0.00439,0.13478,0.00833,-0.01268,0.01003,-0.00531,-0.02721,0.98192,0.19671,0.00000,-0.78771,-0.70902,-0.00141,-0.00529,0.13483,-0.00991,-0.03706,-1.83196,-1.83196,A,164047.10
0.21280,57.68790460,11.98127430,57.68790433,11.98127417,16:40:47.301741,0.00508,0.00000,0.00000,-0.00499,0.13458,0.00787,-0.01589,0.00713,-0.01183,-0.01885,0.98179,0.20733,0.00000,-0.95613,-0.87756,-0.00184,-0.00688,0.13483,-0.00991,-0.03706,-1.83196,-1.83196,A,164047.10
0.22324,57.68790459,11.98127430,57.68790433,11.98127417,16:40:47.312179,0.00511,0.00000,0.00000,-0.00540,0.13447,0.00497,-0.00993,0.01171,0.01031,-0.00396,0.97954,0.21751,0.00000,-1.09928,-1.02078,-0.00224,-0.00838,0.13483,-0.00991,-0.03706,-1.83196,-1.83196,A,164047.10
0.23481,57.68790458,11.98127429,57.68790433,11.98127417,16:40:47.323745,0.00628,0.00000,0.00000,-0.00595,0.13444,0.00772,-0.01146,0.00789,0.04587,-0.01641,0.98082,0.22899,0.00000,-1.22096,-1.14247,-0.00262,-0.00982,0.13483,-0.00991,-0.03706,-1.83196,-1.83196,A,164047.10
0.29080,57.68790457,11.98127428,57.68790433,11.98127350,16:40:47.380597,0.05187,0.00000,1.50000,-0.00654,0.13444,0.00283,-0.01787,0.00789,0.04453,-0.01592,0.98936,0.23849,0.00000,-1.32438,-1.24589,-0.00299,-0.01118,0.25442,-0.04953,-0.03706,3.14159,3.14159,A,164047.20
0.31215,57.68790455,11.98127424,57.68790433,11.98127350,16:40:47.401099,0.00941,3.98098,1.50000,-0.00777,0.13444,-0.00221,-0.00917,0.00758,0.04142,-0.02105,0.97777,0.30662,0.30000,-0.66626,-0.58777,-0.00532,-0.01248,0.25442,-0.04953,-0.03706,3.14159,3.14159,A,164047.20
0.32257,57.68790453,11.98127424,57.68790433,11.98127350,16:40:47.411520,0.00899,3.98098,1.50000,-0.00875,0.13444,-0.00587,-0.01513,0.00667,0.01080,-0.01238,0.98466,0.31675,0.54000,-0.10660,-0.02812,-0.00556,-0.01502,0.25442,-0.04953,-0.03706,3.14159,3.14159,A,164047.20
0.33269,57.68790452,11.98127427,57.68790433,11.98127350,16:40:47.421636,0.00890,3.98098,1.50000,-0.00956,0.13444,0.00085,-0.02001,0.00850,-0.00287,-0.00592,0.97801,0.32720,0.73200,0.36930,0.44779,-0.00348,-0.01624,0.25442,-0.04953,-0.03706,3.14159,3.14159,A,164047.20
0.34313,57.68790453,11.98127431,57.68790433,11.98127350,16:40:47.432075,0.00931,3.98098,1.50000,-0.01045,0.13444,-0.00144,-0.02078,0.00682,0.00061,-0.01110,0.98326,0.33614,0.88560,0.77389,0.85238,-0.00131,-0.01513,0.25442,-0.04953,-0.03706,3.14159,3.14159,A,164047.20
0.35291,57.68790457,11.98127435,57.68790433,11.98127350,16:40:47.442112,0.00890,3.98098,1.50000,-0.01146,0.13444,0.00238,-0.02673,0.00804,-0.00366,-0.02379,1.01168,0.34739,1.00848,1.11798,1.19647,0.00070,-0.01117,0.25442,-0.04953,-0.03706,3.14159,3.14159,A,164047.20
0.41268,57.68790462,11.98127435,57.68790417,11.98127317,16:40:47.502522,0.05860,3.98098,1.50000,-0.01250,0.13444,-0.00404,-0.01054,0.01018,-0.02092,-0.02287,1.03029,0.35760,1.10678,1.41059,1.48908,0.00113,-0.00498,0.38362,-0.06934,-0.05560,-2.38956,-2.38956,A,164047.40
0.43141,57.68790522,11.98127439,57.68790417,11.98127317,16:40:47.520350,0.00798,3.98098,1.50000,-0.01371,0.13444,-0.00114,-0.01818,0.00942,-0.00195,-0.03001,0.96935,0.42566,1.18543,0.83608,0.91456,0.00327,0.06165,0.38362,-0.06934,-0.05560,-2.38956,-2.38956,A,164047.40
0.44258,57.68790524,11.98127443,57.68790417,11.98127317,16:40:47.531519,0.00892,3.98098,1.50000,-0.01486,0.13444,-0.00312,-0.02032,0.00835,-0.02379,-0.03087,0.98606,0.43673,1.24834,0.34153,0.42001,0.00585,0.06385,0.38362,-0.06934,-0.05560,-2.38956,-2.38956,A,164047.40
0.45273,57.68790522,11.98127452,57.68790417,11.98127317,16:40:47.541666,0.00885,3.98098,1.50000,-0.01629,0.13444,-0.00648,-0.00779,0.00239,-0.02135,-0.04935,0.99924,0.44722,1.29867,-0.07887,-0.00038,0.01114,0.06192,0.38362,-0.06934,-0.05560,-2.38956,-2.38956,A,164047.40
0.46348,57.68790517,11.98127463,57.68790417,11.98127317,16:40:47.552421,0.00932,3.98098,1.50000,-0.01721,0.13444,-0.00480,0.00106,-0.00158,-0.01989,-0.01854,1.01961,0.45762,1.33894,-0.43612,-0.35763,0.01788,0.05604,0.38362,-0.06934,-0.05560,-2.38956,-2.38956,A,164047.40
0.47374,57.68790509,11.98127469,57.68790417,11.98127317,16:40:47.562691,0.00938,3.98098,1.50000,-0.01797,0.13444,-0.00526,0.00580,0.00193,-0.02458,-0.00927,1.02681,0.46592,1.37115,-0.74006,-0.66157,0.02110,0.04762,0.38362,-0.06934,-0.05560,-2.38956,-2.38956,A,164047.40
0.48386,57.68790500,11.98127474,57.68790417,11.98127317,16:40:47.572831,0.00924,3.98098,1.50000,-0.01848,0.13444,0.00146,0.01496,-0.00005,0.02050,0.00275,1.01955,0.47704,1.39692,-0.99826,-0.91978,0.02406,0.03663,0.38362,-0.06934,-0.05560,-2.38956,-2.38956,A,164047.40
0.53253,57.68790487,11.98127477,57.68790483,11.98127283,16:40:47.621501,0.04775,3.98098,1.50000,-0.01906,0.13444,0.00757,0.00580,0.00407,0.04099,-0.00653,1.01260,0.48816,1.41754,-1.21755,-1.13906,0.02620,0.02309,0.50429,-0.08916,0.01853,1.83196,1.83196,A,164047.50
0.55189,57.68790429,11.98127518,57.68790483,11.98127283,16:40:47.640858,0.00967,3.98098,1.50000,-0.01942,0.13444,0.01230,0.00106,0.01675,-0.00994,-0.02928,0.97759,0.54280,1.43403,-0.76448,-0.68599,0.05003,-0.04139,0.50429,-0.08916,0.01853,1.83196,1.83196,A,164047.50
0.56390,57.68790424,11.98127525,57.68790483,11.98127283,16:40:47.652845,0.01030,3.98098,1.50000,-0.02009,0.13444,0.01765,0.00549,0.00942,0.00476,-0.02397,0.97954,0.55792,1.44722,-0.38524,-0.30675,0.05448,-0.04773,0.50429,-0.08916,0.01853,1.83196,1.83196,A,164047.50
0.58284,57.68790420,11.98127550,57.68790483,11.98127283,16:40:47.671780,0.00984,3.98098,1.50000,-0.02014,0.13444,0.01795,0.00412,0.01049,-0.00964,0.01031,1.01339,0.57707,1.45778,-0.06199,0.01649,0.06945,-0.05144,0.50429,-0.08916,0.01853,1.83196,1.83196,A,164047.50
0.59245,57.68790424,11.98127550,57.68790483,11.98127283,16:40:47.681399,0.00850,3.98098,1.50000,-0.02059,0.13444,0.03063,0.00610,0.01140,0.01232,-0.01061,1.02071,0.58486,1.46622,0.21116,0.28964,0.06945,-0.04781,0.50429,-0.08916,0.01853,1.83196,1.83196,A,164047.50
0.60303,57.68790430,11.98127556,57.68790483,11.98127283,16:40:47.691975,0.00889,3.98098,1.50000,-0.02113,0.13444,0.02971,-0.00276,0.00957,0.03904,-0.02416,1.01101,0.59722,1.47298,0.44375,0.52223,0.07287,-0.04111,0.50429,-0.08916,0.01853,1.83196,1.83196,A,164047.50
0.65872,57.68790437,11.98127558,57.68790483,11.98127350,16:40:47.747694,0.05325,3.98098,1.50000,-0.02172,0.13444,0.02910,-0.00902,0.00422,0.02959,-0.02373,1.02004,0.60702,1.47838,0.64134,0.71982,0.07411,-0.03275,0.62492,-0.04953,0.01853,0.00000,0.00000,A,164047.60
0.67811,57.68790491,11.98127658,57.68790483,11.98127350,16:40:47.767050,0.00838,3.98098,1.50000,-0.02051,0.13362,0.03979,-0.00184,0.00758,0.00287,-0.05057,1.00058,0.67045,1.48271,0.54262,0.62062,0.13376,0.02753,0.62492,-0.04953,0.01853,0.00000,0.00000,A,164047.60
0.68899,57.68790498,11.98127661,57.68790483,11.98127350,16:40:47.778182,0.00885,3.98098,1.50000,-0.02084,0.13308,0.04391,-0.00428,0.01125,-0.00647,-0.02562,1.02370,0.68350,1.48616,0.45092,0.52860,0.13505,0.03456,0.62492,-0.04953,0.01853,0.00000,0.00000,A,164047.60
0.69923,57.68790502,11.98127662,57.68790483,11.98127350,16:40:47.788171,0.00890,3.98098,1.50000,-0.02096,0.13257,0.04819,-0.00474,0.00957,-0.00756,-0.00421,1.02340,0.69341,1.48893,0.37286,0.45025,0.13572,0.03954,0.62492,-0.04953,0.01853,0.00000,0.00000,A,164047.60
0.70984,57.68790505,11.98127661,57.68790483,11.98127350,16:40:47.798790,0.00931,3.98098,1.50000,-0.02110,0.13209,0.05354,-0.00245,0.01110,-0.00366,-0.00579,1.00985,0.70224,1.49115,0.30635,0.38345,0.13503,0.04263,0.62492,-0.04953,0.01853,0.00000,0.00000,A,164047.60
0.71882,57.68790507,11.98127660,57.68790483,11.98127350,16:40:47.808471,0.00808,3.98098,1.50000,-0.02130,0.13155,0.05308,0.00122,0.01003,-0.00043,-0.01549,0.99357,0.71301,1.49292,0.24989,0.32668,0.13488,0.04509,0.62492,-0.04953,0.01853,0.00000,0.00000,A,164047.60
0.77037,57.68790510,11.98127665,57.68790550,11.98127317,16:40:47.859350,0.04943,3.98098,1.50000,-0.02113,0.13118,0.05751,0.00122,0.01385,-0.02306,0.00329,1.00790,0.72424,1.49433,0.20225,0.27882,0.13792,0.04791,0.74044,-0.06934,0.09266,1.83196,1.83196,A,164047.70
0.78999,57.68790532,11.98127781,57.68790550,11.98127317,16:40:47.878939,0.00869,3.98098,1.50000,-0.01854,0.13087,0.05583,0.00228,0.00010,0.00939,-0.01189,0.98728,0.78412,1.49547,0.44364,0.52003,0.20640,0.07272,0.74044,-0.06934,0.09266,1.83196,1.83196,A,164047.70
0.80077,57.68790538,11.98127775,57.68790550,11.98127317,16:40:47.889706,0.00906,3.98098,1.50000,-0.01850,0.13087,0.05766,-0.00001,0.00636,-0.01806,0.00366,0.97917,0.79382,1.49637,0.64163,0.71802,0.20280,0.07955,0.74044,-0.06934,0.09266,1.83196,1.83196,A,164047.70
0.81107,57.68790545,11.98127765,57.68790550,11.98127317,16:40:47.900011,0.00914,3.98098,1.50000,-0.01850,0.13087,0.06789,0.00473,0.00774,-0.02593,-0.00805,0.97100,0.80421,1.49710,0.80982,0.88620,0.19727,0.08726,0.74044,-0.06934,0.09266,1.83196,1.83196,A,164047.70
0.82096,57.68790553,11.98127755,57.68790550,11.98127317,16:40:47.910229,0.00901,3.98098,1.50000,-0.01856,0.13087,0.06132,0.00213,0.01094,0.01165,-0.01098,0.97868,0.81545,1.49768,0.95286,1.02924,0.19123,0.09647,0.74044,-0.06934,0.09266,1.83196,1.83196,A,164047.70
0.83120,57.68790562,11.98127743,57.68790550,11.98127317,16:40:47.920138,0.00901,3.98098,1.50000,-0.01901,0.13087,0.06850,-0.00352,0.01247,0.02342,-0.03666,0.98417,0.82538,1.49814,1.07444,1.15083,0.18416,0.10618,0.74044,-0.06934,0.09266,1.83196,1.83196,A,164047.70
0.87683,57.68790571,11.98127730,57.68790650,11.98127300,16:40:47.965792,0.04443,3.98098,1.50000,-0.01914,0.13087,0.06194,-0.01207,0.00881,0.01281,-0.01482,1.00278,0.83591,1.49851,1.17784,1.25422,0.17637,0.11645,0.85201,-0.07925,0.20386,1.65965,1.65965,A,164047.80
0.89191,57.68790634,11.98127745,57.68790650,11.98127300,16:40:47.980854,0.00775,3.98098,1.50000,-0.01654,0.13087,0.06392,0.00519,0.00178,0.06338,-0.00055,0.96447,0.88633,1.49881,1.24571,1.32210,0.18513,0.18656,0.85201,-0.07925,0.20386,1.65965,1.65965,A,164047.80
0.90346,57.68790647,11.98127728,57.68790650,11.98127300,16:40:47.992397,0.00890,3.98098,1.50000,-0.01644,0.13087,0.05995,-0.01115,0.00300,0.03459,0.00189,0.97423,0.89771,1.49905,1.29773,1.37412,0.17525,0.20057,0.85201,-0.07925,0.20386,1.65965,1.65965,A,164047.80
0.91399,57.68790658,11.98127711,57.68790650,11.98127300,16:40:48.002933,0.00922,3.98098,1.50000,-0.01626,0.13087,0.05949,-0.01772,0.00804,-0.02153,0.01037,0.98210,0.90818,1.49924,1.34179,1.41817,0.16487,0.21251,0.85201,-0.07925,0.20386,1.65965,1.65965,A,164047.80
0.92367,57.68790667,11.98127693,57.68790650,11.98127300,16:40:48.012607,0.00881,3.98098,1.50000,-0.01609,0.13081,0.05980,-0.01894,0.00789,-0.05411,0.01305,0.99351,0.91794,1.49939,1.37916,1.45551,0.15436,0.22313,0.85201,-0.07925,0.20386,1.65965,1.65965,A,164047.80
0.93448,57.68790675,11.98127675,57.68790650,11.98127300,16:40:48.023426,0.00924,3.98098,1.50000,-0.01591,0.13062,0.05690,-0.01345,0.00545,-0.05197,0.01861,1.00912,0.92680,1.49951,1.41079,1.48703,0.14380,0.23184,0.85201,-0.07925,0.20386,1.65965,1.65965,A,164047.80
0.94429,57.68790684,11.98127658,57.68790650,11.98127300,16:40:48.033238,0.00891,3.98098,1.50000,-0.01592,0.13019,0.05598,0.00244,0.00178,-0.02263,-0.00549,1.02675,0.93873,1.49961,1.43788,1.51387,0.13360,0.24182,0.85201,-0.07925,0.20386,1.65965,1.65965,A,164047.80
1.00717,57.68790693,11.98127641,57.68790933,11.98127317,16:40:48.096136,0.06172,3.98098,1.50000,-0.01603,0.12968,0.04972,0.00687,-0.00234,0.00030,-0.00104,1.03572,0.94857,1.49969,1.46095,1.53664,0.12361,0.25129,0.97642,-0.06934,0.51891,1.53936,1.53936,A,164048.00
1.02588,57.68790793,11.98127631,57.68790933,11.98127317,16:40:48.114823,0.00949,3.98098,1.50000,-0.01484,0.12586,0.02208,-0.01360,0.00056,-0.01019,0.01470,1.00278,1.02010,1.49975,1.47169,1.54513,0.11733,0.36338,0.97642,-0.06934,0.51891,1.53936,1.53936,A,164048.00
1.03565,57.68790811,11.98127616,57.68790933,11.98127317,16:40:48.124591,0.00890,3.98098,1.50000,-0.01488,0.12504,0.02116,-0.00276,-0.00204,-0.06960,0.02318,1.01839,1.02993,1.49980,1.47201,1.54497,0.10829,0.38250,0.97642,-0.06934,0.51891,1.53936,1.53936,A,164048.00
1.04620,57.68790828,11.98127601,57.68790933,11.98127317,16:40:48.135148,0.00924,3.98098,1.50000,-0.01508,0.12408,0.01291,0.00351,-0.00112,-0.04276,0.01787,1.01156,1.04036,1.49984,1.47242,1.54482,0.09972,0.40131,0.97642,-0.06934,0.51891,1.53936,1.53936,A,164048.00
1.05446,57.68790841,11.98127587,57.68790933,11.98127317,16:40:48.143397,0.00739,3.98098,1.50000,-0.01515,0.12351,0.01719,0.00946,0.00285,-0.00958,0.02501,1.00229,1.04862,1.49987,1.47250,1.54456,0.09149,0.41589,0.97642,-0.06934,0.51891,1.53936,1.53936,A,164048.00
1.06688,57.68790858,11.98127574,57.68790933,11.98127317,16:40:48.155839,0.00937,3.98098,1.50000,-0.01578,0.12289,0.01917,0.00732,0.00209,0.04148,-0.01592,0.96984,1.06029,1.49990,1.47308,1.54478,0.08381,0.43464,0.97642,-0.06934,0.51891,1.53936,1.53936,A,164048.00
1.11837,57.68790873,11.98127562,57.68790983,11.98127250,16:40:48.207338,0.04997,3.98098,1.50000,-0.01614,0.12241,0.00635,-0.00657,0.00575,0.02775,0.00970,0.99192,1.07170,1.49992,1.47356,1.54498,0.07649,0.45188,1.08864,-0.10897,0.57451,2.19000,2.19000,A,164048.10
1.13253,57.68790946,11.98127550,57.68790983,11.98127250,16:40:48.221500,0.00697,3.98098,1.50000,-0.01723,0.11686,-0.01045,0.00183,-0.01212,0.04240,0.00195,0.98326,1.12619,1.49993,1.57797,1.64613,0.06915,0.53301,1.08864,-0.10897,0.57451,2.19000,2.19000,A,164048.10
1.14539,57.68790961,11.98127533,57.68790983,11.98127250,16:40:48.234341,0.00943,3.98098,1.50000,-0.01787,0.11547,-0.01931,-0.00337,-0.00372,-0.05801,0.00854,1.00278,1.13838,1.49995,1.66102,1.72836,0.05913,0.54984,1.08864,-0.10897,0.57451,2.19000,2.19000,A,164048.10
1.15535,57.68790973,11.98127516,57.68790983,11.98127250,16:40:48.244291,0.00906,3.98098,1.50000,-0.01841,0.11446,-0.01702,0.00427,-0.00311,-0.04813,0.01116,0.98454,1.14957,1.49996,1.73140,1.79815,0.04891,0.56253,1.08864,-0.10897,0.57451,2.19000,2.19000,A,164048.10
1.16630,57.68790983,11.98127498,57.68790983,11.98127250,16:40:48.255239,0.00960,3.98098,1.50000,-0.01898,0.11369,-0.02206,0.00595,-0.00112,0.00616,0.01025,0.98033,1.15930,1.49997,1.79126,1.85756,0.03845,0.57419,1.08864,-0.10897,0.57451,2.19000,2.19000,A,164048.10
1.17610,57.68790993,11.98127480,57.68790983,11.98127250,16:40:48.265041,0.00893,3.98098,1.50000,-0.01991,0.11273,-0.02068,-0.00123,-0.00433,0.02885,-0.01220,0.97454,1.17056,1.49997,1.84222,1.90795,0.02786,0.58516,1.08864,-0.10897,0.57451,2.19000,2.19000,A,164048.10
1.18652,57.68791002,11.98127463,57.68790983,11.98127250,16:40:48.275465,0.00917,3.98098,1.50000,-0.02105,0.11182,-0.03382,-0.00352,-0.00494,0.00177,-0.02245,0.98576,1.17999,1.49998,1.88556,1.95076,0.01743,0.59484,1.08864,-0.10897,0.57451,2.19000,2.19000,A,164048.10
1.22838,57.68791008,11.98127447,57.68790967,11.98127333,16:40:48.317361,0.04098,3.98098,1.50000,-0.02202,0.11083,-0.03321,-0.00276,-0.00769,-0.01739,-0.01360,0.99363,1.18891,1.49998,1.92229,1.98691,0.00788,0.60191,1.20735,-0.05944,0.55597,-0.35803,-0.35803,A,164048.20
1.24387,57.68791060,11.98127396,57.68790967,11.98127333,16:40:48.332805,0.00940,3.98098,1.50000,-0.02385,0.10591,-0.02924,0.00213,-0.01227,0.04160,0.00092,0.97045,1.23751,1.49999,1.57671,1.63845,-0.02228,0.66026,1.20735,-0.05944,0.55597,-0.35803,-0.35803,A,164048.20
1.25406,57.68791066,11.98127391,57.68790967,11.98127333,16:40:48.342997,0.00931,3.98098,1.50000,-0.02481,0.10523,-0.03183,-0.00810,-0.00998,-0.01128,-0.01397,0.97594,1.24815,1.49999,1.27824,1.33958,-0.02491,0.66645,1.20735,-0.05944,0.55597,-0.35803,-0.35803,A,164048.20
1.26271,57.68791069,11.98127392,57.68790967,11.98127333,16:40:48.351826,0.00776,3.98098,1.50000,-0.02548,0.10469,-0.03092,-0.00199,-0.01288,-0.04868,-0.00061,0.98838,1.25689,1.49999,1.02441,1.08544,-0.02450,0.67001,1.20735,-0.05944,0.55597,-0.35803,-0.35803,A,164048.20
1.27528,57.68791074,11.98127399,57.68790967,11.98127333,16:40:48.364229,0.00975,3.98098,1.50000,-0.02649,0.10401,-0.02557,0.00656,-0.01456,-0.04154,-0.02409,1.00162,1.26764,1.49999,0.80896,0.86958,-0.02051,0.67518,1.20735,-0.05944,0.55597,-0.35803,-0.35803,A,164048.20
1.28555,57.68791077,11.98127408,57.68790967,11.98127333,16:40:48.374496,0.00936,3.98098,1.50000,-0.02734,0.10322,-0.03122,0.00641,-0.01593,0.02995,-0.00787,0.99936,1.27977,1.49999,0.62583,0.68599,-0.01491,0.67816,1.20735,-0.05944,0.55597,-0.35803,-0.35803,A,164048.20
1.29546,57.68791078,11.98127419,57.68790967,11.98127333,16:40:48.384400,0.00903,3.98098,1.50000,-0.02818,0.10246,-0.03260,0.00687,-0.01471,0.05057,-0.01159,0.99277,1.28966,1.50000,0.47022,0.52993,-0.00822,0.67935,1.20735,-0.05944,0.55597,-0.35803,-0.35803,A,164048.20
1.30198,57.68791075,11.98127424,57.68790967,11.98127333,16:40:48.390922,0.00534,0.00000,0.00000,-0.02874,0.10189,-0.03061,0.00122,-0.01517,0.02898,-0.02098,1.00833,1.29622,1.20000,0.33758,0.39697,-0.00529,0.67640,1.20735,-0.05944,0.55597,-0.35803,-0.35803,A,164048.20
1.35478,57.68791073,11.98127435,57.68790917,11.98127233,16:40:48.444716,0.04774,0.00000,1.50000,-0.02869,0.10118,-0.03168,-0.00443,-0.01135,-0.02660,0.02775,1.01656,1.30661,0.96000,0.22515,0.28412,0.00074,0.67404,1.32318,-0.11887,0.50038,-2.38956,-2.38956,A,164048.30
1.37089,57.68791078,11.98127505,57.68790917,11.98127233,16:40:48.459842,0.00738,0.00000,0.00000,-0.03067,0.09909,-0.02908,0.00152,-0.01823,-0.03300,-0.02153,0.99119,1.36330,0.76800,-0.17177,-0.11403,0.04284,0.67940,1.32318,-0.11887,0.50038,-2.38956,-2.38956,A,164048.30
1.37892,57.68791069,11.98127499,57.68790917,11.98127233,16:40:48.467864,0.00517,0.00000,0.00000,-0.03092,0.09909,-0.02786,0.00366,-0.01823,-0.05838,0.00238,0.99656,1.37317,0.61440,-0.51276,-0.45502,0.03910,0.66995,1.32318,-0.11887,0.50038,-2.38956,-2.38956,A,164048.30
1.38950,57.68791060,11.98127493,57.68790917,11.98127233,16:40:48.478456,0.00535,0.00000,0.00000,-0.03121,0.09909,-0.02496,0.01068,-0.01548,-0.00634,-0.00201,0.98948,1.38376,0.49152,-0.80256,-0.74482,0.03568,0.65928,1.32318,-0.11887,0.50038,-2.38956,-2.38956,A,164048.30
1.39961,57.68791050,11.98127485,57.68790917,11.98127233,16:40:48.488555,0.00506,0.00000,0.00000,-0.03179,0.09909,-0.02053,-0.00031,-0.00983,0.02812,-0.02477,0.99552,1.39393,0.39321,-1.04896,-0.99122,0.03089,0.64862,1.32318,-0.11887,0.50038,-2.38956,-2.38956,A,164048.30
1.41034,57.68791041,11.98127476,57.68790917,11.98127233,16:40:48.499280,0.00539,0.00000,0.00000,-0.03193,0.09909,-0.01396,0.00076,-0.00754,0.02092,-0.00024,0.99704,1.40455,0.31457,-1.25846,-1.20072,0.02516,0.63852,1.32318,-0.11887,0.50038,-2.38956,-2.38956,A,164048.30
1.42146,57.68791032,11.98127465,57.68790917,11.98127233,16:40:48.510416,0.00610,0.00000,0.00000,-0.03242,0.09909,-0.01442,-0.00459,-0.00540,-0.03739,-0.02367,1.03340,1.41563,0.25166,-1.43658,-1.37884,0.01894,0.62910,1.32318,-0.11887,0.50038,-2.38956,-2.38956,A,164048.30
1.47269,57.68791025,11.98127454,57.68790950,11.98127083,16:40:48.562460,0.04710,0.00000,1.50000,-0.03231,0.09909,-0.00709,0.00396,-0.00479,-0.03758,0.01074,1.05018,1.42501,0.20133,-1.58805,-1.53031,0.01239,0.62090,1.44200,-0.20803,0.53744,2.74760,2.74760,A,164048.40
1.48426,57.68791012,11.98127436,57.68790950,11.98127083,16:40:48.573199,0.00521,0.00000,0.00000,-0.03235,0.09909,0.00161,0.00396,-0.00586,-0.06832,-0.00939,0.97624,1.47873,0.16106,-0.94560,-0.88786,0.00177,0.60686,1.44200,-0.20803,0.53744,2.74760,2.74760,A,164048.40
1.49560,57.68791008,11.98127420,57.68790950,11.98127083,16:40:48.584548,0.00609,0.00000,0.00000,-0.03241,0.09909,-0.00114,0.01160,-0.00769,-0.02227,-0.00396,0.97771,1.48893,0.12885,-0.40018,-0.34244,-0.00791,0.60239,1.44200,-0.20803,0.53744,2.74760,2.74760,A,164048.40
1.50496,57.68791005,11.98127405,57.68790950,11.98127083,16:40:48.594154,0.00504,0.00000,0.00000,-0.03254,0.09909,0.00131,0.01832,-0.00876,0.01537,-0.01147,1.00266,1.49950,0.10308,0.06339,0.12114,-0.01704,0.59883,1.44200,-0.20803,0.53744,2.74760,2.74760,A,164048.40
1.51616,57.68791003,11.98127390,57.68790950,11.98127083,16:40:48.605106,0.00602,0.00000,0.00000,-0.03278,0.09909,0.00772,0.01007,-0.01395,0.02452,-0.02294,1.01687,1.50964,0.08246,0.45743,0.51517,-0.02577,0.59586,1.44200,-0.20803,0.53744,2.74760,2.74760,A,164048.40
1.52593,57.68791000,11.98127376,57.68790950,11.98127083,16:40:48.614877,0.00538,0.00000,0.00000,-0.03289,0.09909,0.00146,0.00778,-0.01212,0.00573,-0.00952,1.01211,1.52016,0.06597,0.79234,0.85008,-0.03436,0.59324,1.44200,-0.20803,0.53744,2.74760,2.74760,A,164048.40
1.53602,57.68790998,11.98127361,57.68790950,11.98127083,16:40:48.624961,0.00507,0.00000,0.00000,-0.03297,0.09909,0.01154,0.00442,-0.01166,-0.03209,-0.01568,1.01687,1.53053,0.05278,1.07700,1.13475,-0.04270,0.59084,1.44200,-0.20803,0.53744,2.74760,2.74760,A,164048.40
1.59674,57.68790996,11.98127348,57.68791117,11.98127117,16:40:48.685704,0.05525,0.00000,1.50000,-0.03319,0.09909,0.01093,0.01145,-0.00937,-0.05252,-0.02452,1.02742,1.54090,0.04222,1.31897,1.37671,-0.05079,0.58856,1.56917,-0.18822,0.72277,1.46429,1.46429,A,164048.60
1.61176,57.68791004,11.98127337,57.68791117,11.98127117,16:40:48.700699,0.00680,0.00000,0.00000,-0.03123,0.09909,0.02788,0.00534,-0.01441,-0.05008,0.00872,0.97088,1.60625,0.03378,1.33230,1.39004,-0.05717,0.59776,1.56917,-0.18822,0.72277,1.46429,1.46429,A,164048.60
1.62044,57.68791010,11.98127326,57.68791117,11.98127117,16:40:48.709374,0.00507,0.00000,0.00000,-0.03115,0.09909,0.03399,0.01435,-0.01212,-0.02056,-0.01379,0.97826,1.61496,0.02702,1.34345,1.40120,-0.06368,0.60423,1.56917,-0.18822,0.72277,1.46429,1.46429,A,164048.60
1.63076,57.68791016,11.98127316,57.68791117,11.98127117,16:40:48.719698,0.00516,0.00000,0.00000,-0.03110,0.09909,0.03322,0.01389,-0.00784,0.03050,-0.01812,0.98076,1.62501,0.02162,1.35294,1.41068,-0.06987,0.61036,1.56917,-0.18822,0.72277,1.46429,1.46429,A,164048.60
1.64142,57.68791021,11.98127306,57.68791117,11.98127117,16:40:48.730375,0.00543,0.00000,0.00000,-0.03111,0.09909,0.03384,0.01328,-0.00799,0.01238,-0.02428,1.01693,1.63560,0.01729,1.36099,1.41873,-0.07576,0.61616,1.56917,-0.18822,0.72277,1.46429,1.46429,A,164048.60
1.65195,57.68791026,11.98127296,57.68791117,11.98127117,16:40:48.740896,0.00556,0.00000,0.00000,-0.03075,0.09909,0.03353,0.01038,-0.00860,-0.01488,-0.00024,1.03895,1.64646,0.01384,1.36784,1.42558,-0.08136,0.62163,1.56917,-0.18822,0.72277,1.46429,1.46429,A,164048.60
1.66504,57.68791030,11.98127287,57.68791117,11.98127117,16:40:48.754219,0.00824,0.00000,0.00000,-0.03022,0.09909,0.03719,0.00931,-0.00402,-0.00213,0.00433,1.03072,1.65930,0.01107,1.37366,1.43140,-0.08668,0.62683,1.56917,-0.18822,0.72277,1.46429,1.46429,A,164048.60
1.71964,57.68791035,11.98127279,57.68791133,11.98127033,16:40:48.808624,0.05244,0.00000,1.50000,-0.02964,0.09909,0.04117,0.00228,-0.00769,-0.01080,0.02007,1.00851,1.66675,0.00885,1.37859,1.43634,-0.09175,0.63169,1.68579,-0.23775,0.74130,2.78356,2.78356,A,164048.70
1.73578,57.68791040,11.98127267,57.68791133,11.98127033,16:40:48.824718,0.00653,0.00000,0.00000,-0.02745,0.09909,0.03307,0.01282,-0.01899,0.01610,0.00927,0.97881,1.73026,0.00708,1.58072,1.63846,-0.09898,0.63768,1.68579,-0.23775,0.74130,2.78356,2.78356,A,164048.70
1.74475,57.68791045,11.98127255,57.68791133,11.98127033,16:40:48.833690,0.00510,0.00000,0.00000,-0.02729,0.09909,0.02345,-0.00016,-0.01242,0.04965,0.00073,0.97783,1.73925,0.00567,1.75249,1.81023,-0.10592,0.64291,1.68579,-0.23775,0.74130,2.78356,2.78356,A,164048.70
1.75526,57.68791049,11.98127244,57.68791133,11.98127033,16:40:48.844206,0.00538,0.00000,0.00000,-0.02679,0.09909,0.02376,-0.00169,-0.01089,0.04362,0.02117,1.00735,1.74931,0.00453,1.89849,1.95623,-0.11253,0.64787,1.68579,-0.23775,0.74130,2.78356,2.78356,A,164048.70
1.76622,57.68791054,11.98127233,57.68791133,11.98127033,16:40:48.855171,0.00593,0.00000,0.00000,-0.02669,0.09909,0.02757,-0.00932,-0.00952,-0.00305,-0.00891,1.01144,1.76026,0.00363,2.02259,2.08033,-0.11880,0.65258,1.68579,-0.23775,0.74130,2.78356,2.78356,A,164048.70
1.77666,57.68791058,11.98127223,57.68791133,11.98127033,16:40:48.865599,0.00597,0.00000,0.00000,-0.02614,0.09909,0.02376,-0.00673,-0.00738,-0.03196,0.02678,1.02681,1.77025,0.00290,2.12808,2.18582,-0.12476,0.65704,1.68579,-0.23775,0.74130,2.78356,2.78356,A,164048.70
1.82434,57.68791061,11.98127214,57.68791200,11.98126983,16:40:48.913304,0.04308,0.00000,1.50000,-0.02588,0.09909,0.02666,-0.00688,-0.00845,-0.00567,0.00372,1.00644,1.78068,0.00232,2.21774,2.27548,-0.13042,0.66127,1.79765,-0.26747,0.81543,1.95208,1.95208,A,164048.80
1.83842,57.68791068,11.98127202,57.68791200,11.98126983,16:40:48.927355,0.00625,0.00000,0.00000,-0.02504,0.09909,0.01230,0.00381,-0.00845,0.00073,0.01903,0.98088,1.83258,0.00186,2.16924,2.22698,-0.13735,0.66906,1.79765,-0.26747,0.81543,1.95208,1.95208,A,164048.80
1.84777,57.68791075,11.98127191,57.68791200,11.98126983,16:40:48.936710,0.00520,0.00000,0.00000,-0.02474,0.09909,-0.00175,-0.00382,-0.00708,0.02611,0.02714,0.98722,1.84195,0.00149,2.12800,2.18575,-0.14386,0.67639,1.79765,-0.26747,0.81543,1.95208,1.95208,A,164048.80
1.85857,57.68791081,11.98127181,57.68791200,11.98126983,16:40:48.947517,0.00560,0.00000,0.00000,-0.02449,0.09909,0.00070,-0.00291,-0.00631,0.00549,0.02257,1.01382,1.85279,0.00119,2.09295,2.15070,-0.15005,0.68335,1.79765,-0.26747,0.81543,1.95208,1.95208,A,164048.80
1.86833,57.68791087,11.98127171,57.68791200,11.98126983,16:40:48.957267,0.00512,0.00000,0.00000,-0.02453,0.09909,0.00803,-0.00245,-0.00601,-0.01818,-0.00122,1.02327,1.86282,0.00095,2.06316,2.12090,-0.15592,0.68996,1.79765,-0.26747,0.81543,1.95208,1.95208,A,164048.80
1.87942,57.68791093,11.98127162,57.68791200,11.98126983,16:40:48.968368,0.00590,0.00000,0.00000,-0.02454,0.09909,-0.00129,0.00106,-0.00738,-0.03062,0.00677,1.03188,1.87295,0.00076,2.03784,2.09558,-0.16151,0.69624,1.79765,-0.26747,0.81543,1.95208,1.95208,A,164048.80
1.88900,57.68791098,11.98127153,57.68791200,11.98126983,16:40:48.978188,0.00508,0.00000,0.00000,-0.02485,0.09909,-0.00526,0.00641,-0.00876,0.00079,-0.00994,1.01339,1.88351,0.00061,2.01631,2.07406,-0.16681,0.70221,1.79765,-0.26747,0.81543,1.95208,1.95208,A,164048.80
1.94460,57.68791103,11.98127144,57.68791367,11.98126933,16:40:49.033571,0.05029,0.00000,1.50000,-0.02497,0.09909,-0.00618,0.00580,-0.00845,0.02318,0.00183,0.99332,1.89370,0.00049,1.99802,2.05576,-0.17184,0.70787,1.91103,-0.29719,1.00075,1.72980,1.72980,A,164048.90
1.96003,57.68791116,11.98127134,57.68791367,11.98126933,16:40:49.048964,0.00635,0.00000,0.00000,-0.02578,0.09909,-0.01488,-0.00352,-0.01425,-0.00641,0.01226,1.03035,1.95427,0.00039,1.94913,2.00687,-0.17812,0.72254,1.91103,-0.29719,1.00075,1.72980,1.72980,A,164048.90
1.97008,57.68791129,11.98127124,57.68791367,11.98126933,16:40:49.059023,0.00600,0.00000,0.00000,-0.02644,0.09909,-0.02068,-0.00703,-0.01151,-0.00994,-0.02733,1.03798,1.96370,0.00031,1.90757,1.96531,-0.18408,0.73645,1.91103,-0.29719,1.00075,1.72980,1.72980,A,164048.90
1.97956,57.68791141,11.98127114,57.68791367,11.98126933,16:40:49.068500,0.00507,0.00000,0.00000,-0.02674,0.09909,-0.02191,-0.00398,-0.01410,-0.00195,-0.00024,1.00992,1.97386,0.00025,1.87224,1.92998,-0.18973,0.74967,1.91103,-0.29719,1.00075,1.72980,1.72980,A,164048.90
1.99056,57.68791152,11.98127105,57.68791367,11.98126933,16:40:49.079499,0.00567,0.00000,0.00000,-0.02698,0.09909,-0.02740,-0.00886,-0.01257,0.01049,0.00720,1.00003,1.98460,0.00020,1.84221,1.89996,-0.19511,0.76223,1.91103,-0.29719,1.00075,1.72980,1.72980,A,164048.90
2.00053,57.68791163,11.98127096,57.68791367,11.98126933,16:40:49.089470,0.00524,0.00000,0.00000,-0.02715,0.09909,-0.02374,-0.01222,-0.01441,-0.02629,0.00860,0.98728,1.99477,0.00016,1.81669,1.87443,-0.20021,0.77416,1.91103,-0.29719,1.00075,1.72980,1.72980,A,164048.90
2.05487,57.68791173,11.98127088,57.68791450,11.98126783,16:40:49.143864,0.04932,0.00000,1.50000,-0.02723,0.09909,-0.02374,-0.00657,-0.01456,-0.03239,0.01482,0.97972,2.00497,0.00013,1.79500,1.85274,-0.20506,0.78549,2.02292,-0.38634,1.09342,2.33691,2.33691,A,164049.00
2.07558,57.68791187,11.98127073,57.68791450,11.98126783,16:40:49.164517,0.00688,0.00000,0.00000,-0.03000,0.09801,-0.04100,0.00534,-0.01945,-0.00287,-0.00653,1.02693,2.06983,0.00010,1.86772,1.92483,-0.21413,0.80089,2.02292,-0.38634,1.09342,2.33691,2.33691,A,164049.00
2.08477,57.68791200,11.98127059,57.68791450,11.98126783,16:40:49.173711,0.00567,0.00000,0.00000,-0.03022,0.09759,-0.04298,0.00015,-0.01899,0.04532,0.01153,0.99796,2.07868,0.00008,1.92957,1.98643,-0.22274,0.81552,2.02292,-0.38634,1.09342,2.33691,2.33691,A,164049.00
2.09469,57.68791213,11.98127045,57.68791450,11.98126783,16:40:49.183628,0.00517,0.95404,0.95404,-0.03094,0.09705,-0.03916,-0.00535,-0.01151,0.01781,-0.01385,0.99851,2.08891,0.19087,1.98218,2.03873,-0.23092,0.82941,2.02292,-0.38634,1.09342,2.33691,2.33691,A,164049.00
2.10502,57.68791226,11.98127031,57.68791450,11.98126783,16:40:49.194419,0.00510,0.95404,0.95404,-0.03146,0.09651,-0.04420,-0.01024,-0.01227,-0.04666,0.00427,0.99162,2.09952,0.34351,2.02708,2.08331,-0.23939,0.84399,2.02292,-0.38634,1.09342,2.33691,2.33691,A,164049.00
2.11542,57.68791239,11.98127016,57.68791450,11.98126783,16:40:49.204362,0.00510,0.95404,0.95404,-0.03205,0.09597,-0.03901,-0.00734,-0.01364,-0.04910,-0.00665,0.99216,2.10970,0.46561,2.06537,2.12129,-0.24808,0.85885,2.02292,-0.38634,1.09342,2.33691,2.33691,A,164049.00
2.17516,57.68791253,11.98127001,57.68791567,11.98126700,16:40:49.264133,0.05444,0.95404,1.50000,-0.03252,0.09541,-0.04268,-0.00276,-0.01700,0.01311,0.00518,0.96099,2.12043,0.56330,2.09805,2.15364,-0.25700,0.87386,2.13737,-0.43587,1.22314,1.93552,1.93552,A,164049.10
2.18686,57.68791292,11.98126957,57.68791567,11.98126700,16:40:49.275800,0.00680,0.95404,0.95404,-0.03594,0.09430,-0.04894,0.00381,-0.01991,0.01775,-0.02751,1.00382,2.18102,0.64145,2.06776,2.12270,-0.28318,0.91747,2.13737,-0.43587,1.22314,1.93552,1.93552,A,164049.10
2.19559,57.68791309,11.98126940,57.68791567,11.98126700,16:40:49.284527,0.00513,0.95404,0.95404,-0.03679,0.09430,-0.05230,-0.00932,-0.01823,0.07552,-0.02397,1.00900,2.18986,0.70397,2.03999,2.09493,-0.29302,0.93634,2.13737,-0.43587,1.22314,1.93552,1.93552,A,164049.10
2.20637,57.68791326,11.98126923,57.68791567,11.98126700,16:40:49.295311,0.00551,0.95404,0.95404,-0.03738,0.09430,-0.04756,-0.02215,-0.01273,0.01537,-0.00549,1.04212,2.20046,0.75398,2.01650,2.07144,-0.30304,0.95564,2.13737,-0.43587,1.22314,1.93552,1.93552,A,164049.10
2.21625,57.68791343,11.98126908,57.68791567,11.98126700,16:40:49.305190,0.00498,0.95404,0.95404,-0.03749,0.09430,-0.04710,-0.02490,-0.01899,-0.02355,0.02599,1.02614,2.21076,0.79399,1.99654,2.05148,-0.31246,0.97411,2.13737,-0.43587,1.22314,1.93552,1.93552,A,164049.10
2.22684,57.68791359,11.98126892,57.68791567,11.98126700,16:40:49.315780,0.00520,0.95404,0.95404,-0.03784,0.09430,-0.05108,-0.01115,-0.01471,-0.04831,0.01232,1.01394,2.22108,0.82600,1.97962,2.03456,-0.32161,0.99226,2.13737,-0.43587,1.22314,1.93552,1.93552,A,164049.10
2.23738,57.68791375,11.98126878,57.68791567,11.98126700,16:40:49.326331,0.00534,0.95404,0.95404,-0.03873,0.09430,-0.04863,-0.00382,-0.02204,-0.00458,-0.02428,0.96831,2.23167,0.85161,1.96525,2.02020,-0.33032,1.00980,2.13737,-0.43587,1.22314,1.93552,1.93552,A,164049.10
2.30170,57.68791390,11.98126864,57.68791683,11.98126567,16:40:49.390661,0.05925,0.95404,1.50000,-0.03925,0.09430,-0.05092,0.00091,-0.02693,0.00988,-0.00110,0.96740,2.24183,0.87210,1.95307,2.00801,-0.33864,1.02678,2.27098,-0.51512,1.35287,2.11919,2.11919,A,164049.30
2.31794,57.68791450,11.98126809,57.68791683,11.98126567,16:40:49.407627,0.00675,0.95404,0.95404,-0.04284,0.09430,-0.05077,0.00595,-0.02372,0.03703,-0.00701,1.04243,2.31182,0.88849,1.97383,2.02877,-0.37100,1.09345,2.27098,-0.51512,1.35287,2.11919,2.11919,A,164049.30
2.32681,57.68791466,11.98126793,57.68791683,11.98126567,16:40:49.415751,0.00519,0.95404,0.95404,-0.04336,0.09430,-0.04894,-0.00031,-0.02220,0.01397,-0.01037,1.03523,2.32104,0.90160,1.98781,2.04276,-0.38076,1.11159,2.27098,-0.51512,1.35287,2.11919,2.11919,A,164049.30
2.33733,57.68791483,11.98126776,57.68791683,11.98126567,16:40:49.426280,0.00531,0.95404,0.95404,-0.04418,0.09430,-0.04252,0.00198,-0.02311,-0.00409,-0.03135,1.03285,2.33162,0.91209,1.99981,2.05476,-0.39079,1.13015,2.27098,-0.51512,1.35287,2.11919,2.11919,A,164049.30
2.34750,57.68791499,11.98126760,57.68791683,11.98126567,16:40:49.436432,0.00508,0.95404,0.95404,-0.04476,0.09428,-0.04588,0.00855,-0.01441,-0.00238,-0.01372,0.98808,2.34179,0.92048,2.01003,2.06496,-0.40047,1.14788,2.27098,-0.51512,1.35287,2.11919,2.11919,A,164049.30
2.35856,57.68791514,11.98126744,57.68791683,11.98126567,16:40:49.447501,0.00574,0.95404,0.95404,-0.04570,0.09428,-0.04298,0.00519,-0.01868,0.03044,-0.03721,0.97240,2.35258,0.92719,2.01873,2.07365,-0.40985,1.16489,2.27098,-0.51512,1.35287,2.11919,2.11919,A,164049.30
2.36831,57.68791528,11.98126729,57.68791683,11.98126567,16:40:49.457252,0.00527,0.95404,0.95404,-0.04610,0.09428,-0.04588,-0.00657,-0.02097,0.05100,-0.00335,0.94867,2.36265,0.93256,2.02607,2.08100,-0.41849,1.18042,2.27098,-0.51512,1.35287,2.11919,2.11919,A,164049.30
2.42322,57.68791542,11.98126715,57.68791717,11.98126517,16:40:49.512194,0.04972,0.95404,1.50000,-0.04671,0.09428,-0.04420,-0.00505,-0.02021,0.01006,-0.01775,0.97210,2.37291,0.93686,2.03234,2.08727,-0.42691,1.19547,2.39016,-0.54484,1.38994,2.24663,2.24663,A,164049.40
2.44036,57.68791591,11.98126662,57.68791717,11.98126517,16:40:49.529322,0.00697,0.95404,0.95404,-0.04896,0.09428,-0.03321,0.00427,-0.01700,-0.00256,-0.02775,0.99143,2.43291,0.94029,2.06003,2.11496,-0.45827,1.25003,2.39016,-0.54484,1.38994,2.24663,2.24663,A,164049.40
2.44896,57.68791602,11.98126649,57.68791717,11.98126517,16:40:49.538152,0.00517,0.95404,0.95404,-0.04969,0.09428,-0.02969,0.00076,-0.02006,-0.02202,-0.03861,0.99961,2.44347,0.94304,2.08027,2.13520,-0.46605,1.26272,2.39016,-0.54484,1.38994,2.24663,2.24663,A,164049.40
2.45944,57.68791614,11.98126636,57.68791717,11.98126517,16:40:49.548379,0.00526,0.95404,0.95404,-0.05050,0.09428,-0.02267,0.00427,-0.01899,-0.00488,-0.04959,0.99204,2.45372,0.94524,2.09754,2.15247,-0.47404,1.27548,2.39016,-0.54484,1.38994,2.24663,2.24663,A,164049.40
2.47009,57.68791625,11.98126623,57.68791717,11.98126517,16:40:49.559036,0.00537,0.95404,0.95404,-0.05118,0.09428,-0.02817,0.00030,-0.02128,0.01739,-0.03770,0.99448,2.46432,0.94700,2.11223,2.16716,-0.48181,1.28765,2.39016,-0.54484,1.38994,2.24663,2.24663,A,164049.40
2.48020,57.68791635,11.98126610,57.68791717,11.98126517,16:40:49.569141,0.00508,0.95404,0.95404,-0.05134,0.09428,-0.02236,-0.00581,-0.02158,0.03337,-0.00793,0.97862,2.47471,0.94841,2.12470,2.17963,-0.48917,1.29895,2.39016,-0.54484,1.38994,2.24663,2.24663,A,164049.40
2.53670,57.68791645,11.98126598,57.68791617,11.98126550,16:40:49.626521,0.05100,0.95404,1.50000,-0.05179,0.09428,-0.01778,-0.00841,-0.02296,-0.02135,-0.03166,1.01583,2.48513,0.94954,2.13533,2.19025,-0.49640,1.30988,2.50225,-0.52503,1.27874,4.88872,-1.39447,A,164049.50
2.55468,57.68791684,11.98126541,57.68791617,11.98126550,16:40:49.643615,0.00711,0.95404,0.95404,-0.05171,0.09428,0.00833,-0.00856,-0.01929,0.00409,-0.04221,0.99015,2.54886,0.95044,2.54418,2.59910,-0.53009,1.35356,2.50225,-0.52503,1.27874,4.88872,-1.39447,A,164049.50
2.56309,57.68791683,11.98126534,57.68791617,11.98126550,16:40:49.652309,0.00530,0.95404,0.95404,-0.05178,0.09428,0.01032,-0.00734,-0.01960,0.00464,-0.02300,0.96545,2.55724,0.95116,2.88803,2.94296,-0.53468,1.35274,2.50225,-0.52503,1.27874,4.88872,-1.39447,A,164049.50
2.57369,57.68791681,11.98126522,57.68791617,11.98126550,16:40:49.662633,0.00549,0.95404,0.95404,-0.05204,0.09428,0.01078,-0.00795,-0.01655,-0.03013,-0.03544,0.93653,2.56790,0.95174,3.18046,3.23539,-0.54174,1.35056,2.50225,-0.52503,1.27874,4.88872,-1.39447,A,164049.50
2.58372,57.68791677,11.98126510,57.68791617,11.98126550,16:40:49.672661,0.00512,0.95404,0.95404,-0.05205,0.09428,0.01887,-0.00016,-0.01319,0.00152,-0.02507,0.95270,2.57796,0.95220,3.42903,3.48396,-0.54860,1.34624,2.50225,-0.52503,1.27874,4.88872,-1.39447,A,164049.50
2.59441,57.68791672,11.98126500,57.68791617,11.98126550,16:40:49.683354,0.00542,0.95404,0.95404,-0.05213,0.09428,0.02009,-0.00337,-0.01135,0.00708,-0.03074,0.94544,2.58860,0.95257,3.64031,3.69524,-0.55474,1.34026,2.50225,-0.52503,1.27874,4.88872,-1.39447,A,164049.50
2.64378,57.68791665,11.98126491,57.68791700,11.98126417,16:40:49.732751,0.04376,0.95404,1.50000,-0.05195,0.09428,0.02681,0.00152,-0.01212,0.00811,-0.02196,1.00644,2.59977,0.95286,3.81994,3.87486,-0.56024,1.33287,2.61661,-0.60428,1.37140,2.27833,2.27833,A,164049.60
2.65939,57.68791639,11.98126429,57.68791700,11.98126417,16:40:49.748333,0.00812,0.95404,0.95404,-0.05043,0.09428,0.04391,-0.01222,-0.01578,0.01751,-0.06490,0.99180,2.65281,0.95310,3.58387,3.63879,-0.59691,1.30374,2.61661,-0.60428,1.37140,2.27833,2.27833,A,164049.60
2.66708,57.68791640,11.98126421,57.68791700,11.98126417,16:40:49.756019,0.00554,1.27683,1.27683,-0.05034,0.09428,0.04590,-0.01742,-0.01410,0.00616,-0.02330,0.95038,2.66117,1.01784,3.38016,3.43509,-0.60165,1.30475,2.61661,-0.60428,1.37140,2.27833,2.27833,A,164049.60
2.67700,57.68791641,11.98126408,57.68791700,11.98126417,16:40:49.766179,0.00506,1.27683,1.27683,-0.05024,0.09428,0.04987,-0.01910,-0.00876,-0.02647,-0.03117,0.94044,2.67152,1.06964,3.20723,3.26215,-0.60933,1.30580,2.61661,-0.60428,1.37140,2.27833,2.27833,A,164049.60
2.68748,57.68791643,11.98126394,57.68791700,11.98126417,16:40:49.776414,0.00514,1.27683,1.27683,-0.05055,0.09428,0.05522,-0.01329,-0.00555,-0.04081,-0.05795,0.92452,2.68173,1.11108,3.06028,3.11521,-0.61758,1.30805,2.61661,-0.60428,1.37140,2.27833,2.27833,A,164049.60
2.69814,57.68791646,11.98126380,57.68791700,11.98126417,16:40:49.787083,0.00540,1.27683,1.27683,-0.05015,0.09428,0.05216,-0.00443,-0.00402,-0.05331,-0.01421,0.93104,2.69234,1.14423,2.93542,2.99034,-0.62596,1.31146,2.61661,-0.60428,1.37140,2.27833,2.27833,A,164049.60
2.70822,57.68791650,11.98126367,57.68791700,11.98126417,16:40:49.797163,0.00508,1.27683,1.27683,-0.05013,0.09428,0.05384,0.00763,-0.00616,-0.01110,-0.04002,0.96532,2.70272,1.17075,2.82928,2.88420,-0.63379,1.31581,2.61661,-0.60428,1.37140,2.27833,2.27833,A,164049.60
2.76329,57.68791655,11.98126354,57.68791917,11.98126300,16:40:49.852251,0.04977,1.27683,1.50000,-0.04931,0.09428,0.04300,0.00244,-0.00906,-0.00073,0.02019,1.01205,2.71293,1.19197,2.73908,2.79401,-0.64136,1.32097,2.73049,-0.67362,1.61233,1.85105,1.85105,A,164049.70
2.78156,57.68791689,11.98126243,57.68791917,11.98126300,16:40:49.870536,0.01298,10.74553,1.50000,-0.04642,0.09529,0.04987,-0.02276,-0.00372,-0.00287,-0.01086,0.96490,2.77536,1.25357,2.60257,2.65810,-0.70729,1.35884,2.73049,-0.67362,1.61233,1.85105,1.85105,A,164049.70
2.79963,57.68791708,11.98126218,57.68791917,11.98126300,16:40:49.888579,0.00891,10.74553,1.50000,-0.04553,0.09620,0.04773,0.00442,-0.00020,-0.06924,0.00555,0.96514,2.79338,1.30286,2.48286,2.53891,-0.72260,1.38044,2.73049,-0.67362,1.61233,1.85105,1.85105,A,164049.70
2.81484,57.68791727,11.98126200,57.68791917,11.98126300,16:40:49.903774,0.01391,10.74553,1.50000,-0.04560,0.09682,0.04285,0.01695,0.00041,-0.02214,-0.04355,0.99174,2.80874,1.34229,2.38082,2.43724,-0.73326,1.40105,2.73049,-0.67362,1.61233,1.85105,1.85105,A,164049.70
2.88028,57.68791750,11.98126173,57.68791967,11.98126350,16:40:49.969253,0.05525,10.74553,1.50000,-0.04492,0.09776,0.03735,0.00458,0.00193,0.01244,-0.00195,1.04963,2.82927,1.37383,2.29465,2.35161,-0.74885,1.42740,2.84820,-0.64390,1.66792,1.07991,1.07991,A,164049.80
2.90171,57.68791813,11.98126085,57.68791967,11.98126350,16:40:49.990650,0.00872,10.74553,1.50000,-0.04309,0.10271,0.03246,0.01053,0.00499,-0.03642,-0.01391,0.99235,2.89592,1.39906,2.10969,2.16956,-0.80124,1.49759,2.84820,-0.64390,1.66792,1.07991,1.07991,A,164049.80
2.91256,57.68791829,11.98126088,57.68791967,11.98126350,16:40:50.001502,0.00918,10.74553,1.50000,-0.04257,0.10370,0.03597,0.01588,0.00804,-0.09284,0.01903,1.02498,2.90574,1.41925,1.94701,2.00746,-0.79938,1.51491,2.84820,-0.64390,1.66792,1.07991,1.07991,A,164049.80
2.92424,57.68791847,11.98126092,57.68791967,11.98126350,16:40:50.013177,0.01052,10.74553,1.50000,-0.04259,0.10537,0.03567,0.02351,0.00606,0.00464,-0.02470,1.03425,2.91869,1.43540,1.80881,1.87023,-0.79723,1.53463,2.84820,-0.64390,1.66792,1.07991,1.07991,A,164049.80
2.94236,57.68791872,11.98126094,57.68791967,11.98126350,16:40:50.031298,0.01135,10.74553,1.50000,-0.04230,0.10758,0.03093,-0.00566,0.01125,0.02843,-0.00933,1.04700,2.93653,1.44832,1.69186,1.75458,-0.79601,1.56215,2.84820,-0.64390,1.66792,1.07991,1.07991,A,164049.80
3.02009,57.68791896,11.98126100,57.68792233,11.98126000,16:40:50.109312,0.06925,10.74553,1.50000,-0.04206,0.10930,0.03918,-0.01283,0.01614,-0.02166,-0.02141,0.99393,2.95477,1.45866,1.59237,1.65610,-0.79246,1.58928,2.98451,-0.85193,1.96444,2.18258,2.18258,A,164050.00
3.03983,57.68792006,11.98126080,57.68792233,11.98126000,16:40:50.128773,0.01038,10.74553,1.50000,-0.03920,0.11335,0.03292,-0.00306,0.01721,-0.01976,0.03263,1.03407,3.03276,1.46693,1.67985,1.74594,-0.80429,1.71161,2.98451,-0.85193,1.96444,2.18258,2.18258,A,164050.00
3.06312,57.68792043,11.98126068,57.68792233,11.98126000,16:40:50.152063,0.01032,10.74553,1.50000,-0.03878,0.11511,0.03414,-0.00321,0.01568,0.01183,-0.01446,1.05347,3.05703,1.47354,1.74776,1.81489,-0.81176,1.75297,2.98451,-0.85193,1.96444,2.18258,2.18258,A,164050.00
3.13278,57.68792079,11.98126052,57.68792350,11.98125917,16:40:50.221761,0.05716,10.74553,1.50000,-0.03781,0.11590,0.02620,-0.00581,0.01247,-0.04630,0.03709,0.98820,3.08100,1.47883,1.80556,1.87315,-0.82108,1.79290,3.09804,-0.90146,2.09417,1.93552,1.93552,A,164050.10
3.15190,57.68792168,11.98126001,57.68792350,11.98125917,16:40:50.240840,0.01030,10.74553,1.50000,-0.03727,0.11590,0.01291,0.00412,0.00758,-0.00952,-0.00403,1.03468,3.14529,1.48307,1.82281,1.89040,-0.85111,1.89136,3.09804,-0.90146,2.09417,1.93552,1.93552,A,164050.10
3.16719,57.68792192,11.98125988,57.68792350,11.98125917,16:40:50.256131,0.00937,10.74553,1.50000,-0.03693,0.11590,0.00619,0.00763,0.00545,0.00458,0.03270,1.06073,3.16042,1.48645,1.83114,1.89874,-0.85906,1.91793,3.09804,-0.90146,2.09417,1.93552,1.93552,A,164050.10
3.17901,57.68792211,11.98125977,57.68792350,11.98125917,16:40:50.267953,0.01093,10.74553,1.50000,-0.03689,0.11590,0.00161,-0.00795,0.00667,0.02800,0.01726,1.01077,3.17319,1.48916,1.83790,1.90550,-0.86561,1.93976,3.09804,-0.90146,2.09417,1.93552,1.93552,A,164050.10
3.24303,57.68792241,11.98125959,57.68792467,11.98125800,16:40:50.332011,0.05462,10.74553,1.50000,-0.03702,0.11590,-0.00205,-0.01283,0.00438,-0.02178,0.01122,0.93129,3.19471,1.49133,1.84489,1.91248,-0.87643,1.97343,3.21148,-0.97081,2.22390,2.06169,2.06169,A,164050.20
3.26665,57.68792329,11.98125900,57.68792467,11.98125800,16:40:50.355599,0.01372,10.74553,1.50000,-0.03803,0.11590,-0.01503,0.00305,0.00041,-0.02586,0.01299,1.03554,3.26040,1.49306,1.87545,1.94304,-0.91147,2.07121,3.21148,-0.97081,2.22390,2.06169,2.06169,A,164050.20
3.28375,57.68792354,11.98125882,57.68792467,11.98125800,16:40:50.372691,0.00671,1.38756,1.38756,-0.03837,0.11590,-0.01381,0.00183,0.00483,0.01781,0.00537,1.02706,3.27821,1.47196,1.89520,1.96280,-0.92232,2.09904,3.21148,-0.97081,2.22390,2.06169,2.06169,A,164050.20
3.29252,57.68792368,11.98125871,57.68792467,11.98125800,16:40:50.381463,0.00508,1.38756,1.38756,-0.03886,0.11590,-0.01595,-0.01390,0.00300,-0.03995,-0.01391,1.04481,3.28704,1.45508,1.91092,1.97852,-0.92848,2.11433,3.21148,-0.97081,2.22390,2.06169,2.06169,A,164050.20
3.30286,57.68792382,11.98125860,57.68792467,11.98125800,16:40:50.391799,0.00519,1.38756,1.38756,-0.03881,0.11590,-0.01503,-0.00993,0.00316,-0.01549,0.02440,0.98789,3.29710,1.44158,1.92443,1.99202,-0.93513,2.13030,3.21148,-0.97081,2.22390,2.06169,2.06169,A,164050.20
3.35900,57.68792396,11.98125849,57.68792583,11.98125700,16:40:50.447964,0.05093,1.38756,1.50000,-0.03920,0.11590,-0.00877,-0.00123,-0.00020,-0.02208,-0.00817,0.96386,3.30768,1.43078,1.93593,2.00353,-0.94169,2.14563,3.32563,-1.03024,2.35363,2.00042,2.00042,A,164050.30
3.37522,57.68792472,11.98125784,57.68792583,11.98125700,16:40:50.464163,0.00697,1.38756,1.38756,-0.03891,0.11590,0.00024,0.00442,0.00346,-0.06643,0.02940,1.04054,3.36941,1.42213,1.94284,2.01043,-0.98030,2.23003,3.32563,-1.03024,2.35363,2.00042,2.00042,A,164050.30
3.38375,57.68792485,11.98125773,57.68792583,11.98125700,16:40:50.472685,0.00510,1.38756,1.38756,-0.03867,0.11590,0.01200,0.01191,0.00896,-0.03733,0.02007,1.04548,3.37824,1.41522,1.94216,2.00975,-0.98667,2.24444,3.32563,-1.03024,2.35363,2.00042,2.00042,A,164050.30
3.39444,57.68792499,11.98125761,57.68792583,11.98125700,16:40:50.483381,0.00522,1.38756,1.38756,-0.03854,0.11590,0.00803,0.01007,0.00300,0.00335,0.01440,1.02388,3.38864,1.40969,1.94180,2.00940,-0.99376,2.26036,3.32563,-1.03024,2.35363,2.00042,2.00042,A,164050.30
3.40471,57.68792513,11.98125750,57.68792583,11.98125700,16:40:50.493655,0.00509,1.38756,1.38756,-0.03802,0.11590,0.01307,0.00427,0.01018,0.00421,0.03648,0.98899,3.39923,1.40526,1.94148,2.00908,-1.00041,2.27531,3.32563,-1.03024,2.35363,2.00042,2.00042,A,164050.30
3.41504,57.68792525,11.98125740,57.68792583,11.98125700,16:40:50.503978,0.00518,1.38756,1.38756,-0.03768,0.11590,0.02131,0.00702,0.00514,-0.01543,0.02031,0.96307,3.40929,1.40172,1.94118,2.00878,-1.00658,2.28922,3.32563,-1.03024,2.35363,2.00042,2.00042,A,164050.30
3.42559,57.68792538,11.98125730,57.68792583,11.98125700,16:40:50.514537,0.00534,1.38756,1.38756,-0.03800,0.11590,0.02544,0.00335,0.01003,0.00622,-0.02428,0.94556,3.41988,1.39889,1.94096,2.00855,-1.01259,2.30274,3.32563,-1.03024,2.35363,2.00042,2.00042,A,164050.30
3.47973,57.68792549,11.98125720,57.68792667,11.98125650,16:40:50.568704,0.04907,1.38756,1.50000,-0.03824,0.11590,0.02712,0.00702,0.00697,-0.03129,-0.01964,0.92317,3.43024,1.39663,1.94077,2.00836,-1.01831,2.31563,3.44700,-1.05996,2.44629,1.88115,1.88115,A,164050.40
3.49762,57.68792620,11.98125660,57.68792667,11.98125650,16:40:50.586570,0.00696,1.38756,1.38756,-0.03540,0.11590,0.05659,-0.00459,0.00422,-0.02269,-0.02849,1.00949,3.49185,1.39481,1.92886,1.99645,-1.05402,2.39404,3.44700,-1.05996,2.44629,1.88115,1.88115,A,164050.40
3.50646,57.68792630,11.98125653,57.68792667,11.98125650,16:40:50.595394,0.00522,1.38756,1.38756,-0.03527,0.11590,0.06239,0.00687,0.00285,-0.06679,-0.01293,1.00705,3.50066,1.39336,1.91240,1.97999,-1.05814,2.40508,3.44700,-1.05996,2.44629,1.88115,1.88115,A,164050.40
3.51681,57.68792641,11.98125645,57.68792667,11.98125650,16:40:50.605754,0.00518,1.38756,1.38756,-0.03472,0.11590,0.06774,0.01893,0.00209,-0.02007,0.00476,0.95355,3.51131,1.39220,1.89860,1.96619,-1.06274,2.41754,3.44700,-1.05996,2.44629,1.88115,1.88115,A,164050.40
3.52706,57.68792651,11.98125639,57.68792667,11.98125650,16:40:50.615996,0.00519,1.38756,1.38756,-0.03440,0.11590,0.06621,0.02534,0.00300,0.00323,-0.00567,0.94898,3.52131,1.39127,1.88682,1.95442,-1.06678,2.42898,3.44700,-1.05996,2.44629,1.88115,1.88115,A,164050.40
3.53760,57.68792661,11.98125632,57.68792667,11.98125650,16:40:50.626544,0.00533,1.38756,1.38756,-0.03348,0.11590,0.07079,0.01633,0.00728,-0.03508,0.02672,0.93001,3.53189,1.39053,1.87685,1.94444,-1.07066,2.44030,3.44700,-1.05996,2.44629,1.88115,1.88115,A,164050.40
3.60754,57.68792671,11.98125626,57.68792950,11.98125467,16:40:50.696532,0.06488,1.38756,1.50000,-0.03250,0.11590,0.06865,0.01160,0.00545,-0.00073,0.03367,0.90249,3.54224,1.38994,1.86838,1.93597,-1.07426,2.45115,3.57023,-1.16893,2.76134,1.90379,1.90379,A,164050.60
3.62241,57.68792763,11.98125562,57.68792950,11.98125467,16:40:50.711349,0.00742,1.38756,1.38756,-0.02741,0.11590,0.08057,-0.00627,0.00835,0.01519,-0.02690,0.99656,3.61474,1.38946,1.87199,1.93959,-1.11234,2.55388,3.57023,-1.16893,2.76134,1.90379,1.90379,A,164050.60
3.63069,57.68792780,11.98125552,57.68792950,11.98125467,16:40:50.719625,0.00518,1.38756,1.38756,-0.02678,0.11590,0.08057,-0.00703,0.01339,-0.03080,0.01098,0.94013,3.62492,1.38908,1.86737,1.93496,-1.11814,2.57195,3.57023,-1.16893,2.76134,1.90379,1.90379,A,164050.60
3.64099,57.68792798,11.98125541,57.68792950,11.98125467,16:40:50.730181,0.00508,1.38756,1.38756,-0.02609,0.11590,0.08652,-0.00520,0.01995,-0.01342,0.00988,0.87395,3.63551,1.38878,1.86371,1.93130,-1.12469,2.59193,3.57023,-1.16893,2.76134,1.90379,1.90379,A,164050.60
3.65143,57.68792815,11.98125531,57.68792950,11.98125467,16:40:50.740366,0.00511,1.38756,1.38756,-0.02585,0.11590,0.08652,-0.01543,0.02026,-0.01275,-0.01366,0.89017,3.64569,1.38854,1.86058,1.92818,-1.13080,2.61075,3.57023,-1.16893,2.76134,1.90379,1.90379,A,164050.60
3.66216,57.68792831,11.98125521,57.68792950,11.98125467,16:40:50.751096,0.00544,1.38756,1.38756,-0.02525,0.11590,0.08469,-0.01635,0.01659,-0.02660,0.00579,0.94574,3.65631,1.38834,1.85795,1.92554,-1.13667,2.62888,3.57023,-1.16893,2.76134,1.90379,1.90379,A,164050.60
3.71580,57.68792846,11.98125512,57.68793067,11.98125400,16:40:50.804762,0.04881,1.38756,1.50000,-0.02425,0.11590,0.07721,-0.01314,0.00972,-0.05752,0.03843,0.96691,3.66659,1.38819,1.85566,1.92325,-1.14201,2.64558,3.68434,-1.20855,2.89107,1.86724,1.86724,A,164050.70
3.73304,57.68792923,11.98125461,57.68793067,11.98125400,16:40:50.822245,0.00681,1.38756,1.38756,-0.01950,0.11590,0.07247,0.00473,0.00651,0.02891,0.05313,1.01949,3.72747,1.38806,1.85430,1.92189,-1.17223,2.73098,3.68434,-1.20855,2.89107,1.86724,1.86724,A,164050.70
3.74203,57.68792938,11.98125453,57.68793067,11.98125400,16:40:50.830972,0.00540,1.38756,1.38756,-0.01876,0.11590,0.07415,-0.00810,0.00850,0.03569,0.03617,0.98704,3.73626,1.38796,1.84693,1.91452,-1.17720,2.74758,3.68434,-1.20855,2.89107,1.86724,1.86724,A,164050.70
3.75210,57.68792953,11.98125444,57.68793067,11.98125400,16:40:50.841034,0.00506,1.38756,1.38756,-0.01808,0.11590,0.06835,-0.01513,0.00926,0.00567,0.03001,0.97130,3.74661,1.38788,1.84082,1.90841,-1.18244,2.76502,3.68434,-1.20855,2.89107,1.86724,1.86724,A,164050.70
3.76279,57.68792969,11.98125435,57.68793067,11.98125400,16:40:50.851908,0.00520,1.38756,1.38756,-0.01740,0.11590,0.07171,-0.01497,0.01094,-0.00159,0.02757,0.94684,3.75700,1.38782,1.83567,1.90326,-1.18750,2.78202,3.68434,-1.20855,2.89107,1.86724,1.86724,A,164050.70
3.77331,57.68792983,11.98125427,57.68793067,11.98125400,16:40:50.862262,0.00532,1.43200,1.43200,-0.01598,0.11590,0.06652,-0.01803,0.00804,-0.02818,0.07826,0.93916,3.76760,1.39665,1.83128,1.89887,-1.19222,2.79808,3.68434,-1.20855,2.89107,1.86724,1.86724,A,164050.70
3.78350,57.68792997,11.98125420,57.68793067,11.98125400,16:40:50.872438,0.00511,1.43200,1.43200,-0.01587,0.11590,0.06820,-0.02016,0.00590,-0.01714,-0.00177,0.94751,3.77778,1.40372,1.82757,1.89516,-1.19671,2.81354,3.68434,-1.20855,2.89107,1.86724,1.86724,A,164050.70
3.83361,57.68793010,11.98125413,57.68793250,11.98125417,16:40:50.922573,0.04482,1.43200,1.50000,-0.01501,0.11590,0.05766,-0.01635,-0.00494,-0.02220,0.05087,0.95868,3.78839,1.40938,1.82441,1.89201,-1.20096,2.82827,3.80530,-1.19865,3.09493,1.52224,1.52224,A,164050.80
3.85360,57.68793088,11.98125372,57.68793250,11.98125417,16:40:50.942550,0.00704,1.43200,1.43200,-0.01254,0.11590,0.05079,-0.00871,0.01064,0.01696,0.00165,1.05310,3.84781,1.41390,1.77589,1.84348,-1.22509,2.91447,3.80530,-1.19865,3.09493,1.52224,1.52224,A,164050.80
3.86270,57.68793104,11.98125370,57.68793250,11.98125417,16:40:50.951646,0.00590,1.43200,1.43200,-0.01240,0.11587,0.04483,-0.02215,0.00667,-0.04813,0.02129,1.05512,3.85688,1.41752,1.72859,1.79616,-1.22639,2.93287,3.80530,-1.19865,3.09493,1.52224,1.52224,A,164050.80
3.87471,57.68793121,11.98125368,57.68793250,11.98125417,16:40:50.963652,0.00732,1.43200,1.43200,-0.01190,0.11579,0.03689,-0.00886,-0.00265,-0.07948,0.04862,1.05341,3.86701,1.42042,1.68848,1.75601,-1.22741,2.95150,3.80530,-1.19865,3.09493,1.52224,1.52224,A,164050.80
3.88283,57.68793135,11.98125368,57.68793250,11.98125417,16:40:50.971766,0.00522,1.43200,1.43200,-0.01215,0.11567,0.04101,-0.01085,-0.00250,-0.05520,-0.00488,1.01236,3.87706,1.42273,1.65417,1.72163,-1.22749,2.96675,3.80530,-1.19865,3.09493,1.52224,1.52224,A,164050.80
3.89435,57.68793152,11.98125367,57.68793250,11.98125417,16:40:50.983292,0.00597,1.43200,1.43200,-0.01142,0.11550,0.03231,-0.01390,-0.01227,-0.00037,0.06100,0.94654,3.88851,1.42459,1.62542,1.69278,-1.22796,2.98572,3.80530,-1.19865,3.09493,1.52224,1.52224,A,164050.80
3.90388,57.68793166,11.98125368,57.68793250,11.98125417,16:40:50.992813,0.00525,1.43200,1.43200,-0.01111,0.11528,0.03628,-0.00947,-0.01105,-0.02227,0.03630,0.95977,3.89836,1.42607,1.60080,1.66803,-1.22776,3.00154,3.80530,-1.19865,3.09493,1.52224,1.52224,A,164050.80
3.95848,57.68793180,11.98125368,57.68793433,11.98125250,16:40:51.047457,0.04945,1.43200,1.50000,-0.01123,0.11502,0.03353,-0.00673,-0.01639,-0.08339,0.00952,0.95014,3.90861,1.42725,1.57998,1.64706,-1.22742,3.01760,3.92559,-1.29771,3.29878,2.02313,2.02313,A,164050.90
3.97509,57.68793264,11.98125352,57.68793433,11.98125250,16:40:51.064033,0.00836,1.43200,1.43200,-0.00995,0.11052,0.02360,-0.00184,-0.00143,0.03538,0.03099,1.01114,3.96867,1.42820,1.64384,1.70828,-1.23692,3.11007,3.92559,-1.29771,3.29878,2.02313,2.02313,A,164050.90
3.98251,57.68793279,11.98125345,57.68793433,11.98125250,16:40:51.071444,0.00521,1.43200,1.43200,-0.00933,0.10916,0.02452,-0.00673,-0.00280,-0.01592,0.06972,1.02547,3.97670,1.42896,1.69181,1.75546,-1.24096,3.12669,3.92559,-1.29771,3.29878,2.02313,2.02313,A,164050.90
3.99278,57.68793297,11.98125337,57.68793433,11.98125250,16:40:51.081723,0.00509,1.43200,1.43200,-0.00916,0.10735,0.02635,-0.01268,-0.00356,-0.07460,0.03312,0.98631,3.98731,1.42957,1.73311,1.79569,-1.24592,3.14666,3.92559,-1.29771,3.29878,2.02313,2.02313,A,164050.90
4.00331,57.68793313,11.98125329,57.68793433,11.98125250,16:40:51.092250,0.00538,1.43200,1.43200,-0.00826,0.10554,0.02406,-0.00505,-0.01319,-0.04685,0.07967,0.92616,3.99738,1.43005,1.76833,1.82985,-1.25102,3.16524,3.92559,-1.29771,3.29878,2.02313,2.02313,A,164050.90
4.01369,57.68793329,11.98125320,57.68793433,11.98125250,16:40:51.102631,0.00536,1.43200,1.43200,-0.00803,0.10381,0.02269,-0.00138,-0.01349,-0.00384,0.03812,0.90914,4.00795,1.43044,1.79840,1.85891,-1.25626,3.18289,3.92559,-1.29771,3.29878,2.02313,2.02313,A,164050.90
4.02382,57.68793344,11.98125311,57.68793433,11.98125250,16:40:51.112756,0.00509,1.43200,1.43200,-0.00778,0.10246,0.01963,-0.00963,-0.01960,-0.04056,0.04227,0.94294,4.01831,1.43075,1.82410,1.88381,-1.26164,3.19986,3.92559,-1.29771,3.29878,2.02313,2.02313,A,164050.90
4.07909,57.68793359,11.98125302,57.68793533,11.98125033,16:40:51.168076,0.04979,1.43200,1.50000,-0.00688,0.10141,0.01917,-0.00321,-0.02876,-0.03849,0.08625,0.98125,4.02871,1.43100,1.84602,1.90512,-1.26704,3.21592,4.04568,-1.42649,3.40998,2.42934,2.42934,A,164051.00
4.09547,57.68793436,11.98125244,57.68793533,11.98125033,16:40:51.184412,0.00731,1.43200,1.43200,-0.00611,0.10025,0.02635,-0.00108,-0.02052,0.00641,-0.01311,1.01626,4.08970,1.43120,1.93108,1.98950,-1.30128,3.30124,4.04568,-1.42649,3.40998,2.42934,2.42934,A,164051.00
4.10365,57.68793448,11.98125228,57.68793533,11.98125033,16:40:51.192586,0.00509,1.43200,1.43200,-0.00572,0.10025,0.03261,-0.00581,-0.01593,-0.02788,0.05118,1.01907,4.09794,1.43136,1.99774,2.05616,-1.31108,3.31462,4.04568,-1.42649,3.40998,2.42934,2.42934,A,164051.00
4.11437,57.68793461,11.98125209,57.68793533,11.98125033,16:40:51.203310,0.00541,1.43200,1.43200,-0.00593,0.10025,0.03170,0.00320,-0.01960,-0.02605,0.00647,1.01681,4.10857,1.43149,2.05463,2.11305,-1.32232,3.32977,4.04568,-1.42649,3.40998,2.42934,2.42934,A,164051.00
4.12457,57.68793474,11.98125190,57.68793533,11.98125033,16:40:51.213501,0.00520,1.43200,1.43200,-0.00586,0.10025,0.03414,0.00564,-0.02143,-0.07790,0.02373,0.99406,4.11907,1.43159,2.10297,2.16139,-1.33343,3.34357,4.04568,-1.42649,3.40998,2.42934,2.42934,A,164051.00
4.13483,57.68793485,11.98125172,57.68793533,11.98125033,16:40:51.223770,0.00523,1.43200,1.43200,-0.00566,0.10025,0.03796,0.01832,-0.02311,-0.08760,0.03062,0.98356,4.12903,1.43167,2.14403,2.20245,-1.34427,3.35612,4.04568,-1.42649,3.40998,2.42934,2.42934,A,164051.00
4.14533,57.68793496,11.98125153,57.68793533,11.98125033,16:40:51.234280,0.00533,1.43200,1.43200,-0.00553,0.10025,0.04040,0.02733,-0.02113,0.00555,0.02287,0.93269,4.13961,1.43174,2.17897,2.23739,-1.35520,3.36813,4.04568,-1.42649,3.40998,2.42934,2.42934,A,164051.00
4.21420,57.68793506,11.98125135,57.68793917,11.98124783,16:40:51.303182,0.06380,1.43200,1.50000,-0.00538,0.10025,0.04590,0.01939,-0.02235,0.01696,0.02196,0.94635,4.14978,1.43179,2.20867,2.26709,-1.36600,3.37941,4.17773,-1.57508,3.83622,1.90623,1.90623,A,164051.20
4.23295,57.68793595,11.98125010,57.68793917,11.98124783,16:40:51.322128,0.00714,1.62065,1.62065,-0.00394,0.10025,0.02941,0.00198,-0.01242,-0.01568,-0.00116,0.95325,4.22534,1.46956,2.16236,2.22078,-1.44062,3.47901,4.17773,-1.57508,3.83622,1.90623,1.90623,A,164051.20
4.24158,57.68793618,11.98124989,57.68793917,11.98124783,16:40:51.330524,0.00537,1.62065,1.62065,-0.00333,0.10025,0.02544,0.00870,-0.01227,-0.09571,0.07216,0.99515,4.23584,1.49978,2.11590,2.17432,-1.45294,3.50423,4.17773,-1.57508,3.83622,1.90623,1.90623,A,164051.20
4.25170,57.68793642,11.98124967,57.68793917,11.98124783,16:40:51.340682,0.00508,1.62065,1.62065,-0.00272,0.10025,0.02834,0.01511,-0.00830,-0.10590,0.07204,1.01248,4.24619,1.52395,2.07664,2.13506,-1.46596,3.53087,4.17773,-1.57508,3.83622,1.90623,1.90623,A,164051.20
4.26225,57.68793665,11.98124947,57.68793917,11.98124783,16:40:51.351193,0.00539,1.62065,1.62065,-0.00260,0.10025,0.03002,0.02076,-0.00570,-0.00403,0.03843,1.01589,4.25647,1.54329,2.04327,2.10169,-1.47799,3.55652,4.17773,-1.57508,3.83622,1.90623,1.90623,A,164051.20
4.27260,57.68793687,11.98124928,57.68793917,11.98124783,16:40:51.361535,0.00534,1.62065,1.62065,-0.00286,0.10025,0.02299,0.01099,-0.01013,0.10047,0.01720,0.96966,4.26710,1.55876,2.01493,2.07336,-1.48920,3.58133,4.17773,-1.57508,3.83622,1.90623,1.90623,A,164051.20
4.32678,57.68793710,11.98124910,57.68794033,11.98124717,16:40:51.415751,0.04836,1.62065,1.50000,-0.00235,0.10025,0.01352,-0.01971,-0.01028,0.11261,0.07058,0.92080,4.27793,1.57114,1.99093,2.04935,-1.50008,3.60605,4.29503,-1.61471,3.96595,1.86724,1.86724,A,164051.30
4.34412,57.68793796,11.98124832,57.68794033,11.98124717,16:40:51.433058,0.00624,1.62065,1.62065,-0.00291,0.10025,-0.00236,-0.00046,-0.00769,-0.12352,0.02300,1.16900,4.33857,1.58104,1.97045,2.02888,-1.54611,3.70173,4.29503,-1.61471,3.96595,1.86724,1.86724,A,164051.30
4.35361,57.68793817,11.98124818,57.68794033,11.98124717,16:40:51.442557,0.00533,1.62065,1.62065,-0.00279,0.10025,-0.00893,0.02779,-0.00830,-0.07131,0.07009,1.15186,4.34788,1.58896,1.94709,2.00551,-1.55450,3.72501,4.29503,-1.61471,3.96595,1.86724,1.86724,A,164051.30
4.36373,57.68793838,11.98124804,57.68794033,11.98124717,16:40:51.452670,0.00506,1.62065,1.62065,-0.00245,0.10025,-0.01076,0.03283,-0.00387,-0.10815,0.08973,1.16626,4.35824,1.59530,1.92736,1.98578,-1.56296,3.74879,4.29503,-1.61471,3.96595,1.86724,1.86724,A,164051.30
4.37449,57.68793858,11.98124791,57.68794033,11.98124717,16:40:51.463431,0.00557,1.62065,1.62065,-0.00165,0.10025,-0.01244,0.03161,0.00316,0.02952,0.11370,1.01162,4.36853,1.60037,1.91058,1.96900,-1.57074,3.77143,4.29503,-1.61471,3.96595,1.86724,1.86724,A,164051.30
4.38442,57.68793877,11.98124779,57.68794033,11.98124717,16:40:51.473355,0.00509,1.62065,1.62065,-0.00215,0.10025,0.00283,0.00106,0.01003,0.06216,0.01653,1.00583,4.37892,1.60442,1.89628,1.95471,-1.57774,3.79257,4.29503,-1.61471,3.96595,1.86724,1.86724,A,164051.30
4.39476,57.68793896,11.98124768,57.68794033,11.98124717,16:40:51.483702,0.00521,1.62065,1.62065,-0.00286,0.10028,-0.00205,-0.01986,0.01537,-0.01366,0.00677,0.89999,4.38898,1.60767,1.88415,1.94259,-1.58431,3.81293,4.29503,-1.61471,3.96595,1.86724,1.86724,A,164051.30
4.44802,57.68793913,11.98124757,57.68794217,11.98124583,16:40:51.536984,0.04806,1.62065,1.50000,-0.00365,0.10039,-0.00984,-0.03864,0.01598,-0.01476,0.00659,0.89127,4.39956,1.61026,1.87385,1.93236,-1.59055,3.83267,4.41635,-1.69396,4.16981,1.94157,1.94157,A,164051.40
4.46831,57.68794008,11.98124693,57.68794217,11.98124583,16:40:51.557247,0.00647,1.62065,1.62065,-0.00361,0.10373,-0.01503,0.00320,0.00987,0.03971,0.11566,1.00626,4.46276,1.61234,1.88229,1.94275,-1.62896,3.93743,4.41635,-1.69396,4.16981,1.94157,1.94157,A,164051.40
4.47758,57.68794027,11.98124680,57.68794217,11.98124583,16:40:51.566521,0.00533,1.62065,1.62065,-0.00362,0.10458,-0.01366,-0.00871,0.01278,0.04544,0.06082,1.07055,4.47184,1.61400,1.88294,1.94389,-1.63624,3.95939,4.41635,-1.69396,4.16981,1.94157,1.94157,A,164051.40
4.48772,57.68794048,11.98124667,57.68794217,11.98124583,16:40:51.576653,0.00508,1.62065,1.62065,-0.00331,0.10520,-0.00679,-0.03116,0.01736,0.00726,0.07857,1.05133,4.48221,1.61533,1.88361,1.94493,-1.64393,3.98219,4.41635,-1.69396,4.16981,1.94157,1.94157,A,164051.40
4.49860,57.68794067,11.98124655,57.68794217,11.98124583,16:40:51.587539,0.00556,1.62065,1.62065,-0.00371,0.10557,-0.00221,-0.03498,0.01186,-0.01592,0.02593,1.06024,4.49263,1.61639,1.88416,1.94569,-1.65127,4.00388,4.41635,-1.69396,4.16981,1.94157,1.94157,A,164051.40
4.50967,57.68794085,11.98124644,57.68794217,11.98124583,16:40:51.598618,0.00623,1.62065,1.62065,-0.00425,0.10565,-0.00022,-0.03574,0.00942,0.00488,0.01482,1.02663,4.50304,1.61725,1.88456,1.94615,-1.65798,4.02382,4.41635,-1.69396,4.16981,1.94157,1.94157,A,164051.40
4.55824,57.68794101,11.98124634,57.68794350,11.98124583,16:40:51.647717,0.04457,1.62065,1.50000,-0.00490,0.10565,-0.00175,-0.01894,0.00422,-0.03526,0.00823,0.97679,4.51308,1.61793,1.88480,1.94639,-1.66393,4.04164,4.53006,-1.69396,4.31807,1.57080,1.57080,A,164051.50
4.57228,57.68794180,11.98124583,57.68794350,11.98124583,16:40:51.661227,0.00743,1.62065,1.62065,-0.00387,0.10565,0.01780,-0.00382,0.00499,0.00750,0.05618,0.99595,4.56589,1.61847,1.83494,1.89652,-1.69426,4.12857,4.53006,-1.69396,4.31807,1.57080,1.57080,A,164051.50
4.58023,57.68794196,11.98124578,57.68794350,11.98124583,16:40:51.669165,0.00497,1.62065,1.62065,-0.00430,0.10571,0.02544,-0.01436,0.01675,-0.07216,0.00579,1.08897,4.57475,1.61891,1.78685,1.84847,-1.69728,4.14705,4.53006,-1.69396,4.31807,1.57080,1.57080,A,164051.50
4.59070,57.68794215,11.98124572,57.68794350,11.98124583,16:40:51.679637,0.00518,1.62065,1.62065,-0.00423,0.10588,0.01490,-0.01222,0.01797,-0.03977,0.04691,1.09831,4.58493,1.61925,1.74625,1.80797,-1.70066,4.16803,4.53006,-1.69396,4.31807,1.57080,1.57080,A,164051.50
4.60102,57.68794233,11.98124567,57.68794350,11.98124583,16:40:51.690203,0.00510,1.62065,1.62065,-0.00370,0.10611,0.02742,-0.00489,0.01675,-0.02635,0.06942,1.07012,4.59554,1.61953,1.71174,1.77359,-1.70341,4.18830,4.53006,-1.69396,4.31807,1.57080,1.57080,A,164051.50
4.61141,57.68794250,11.98124564,57.68794350,11.98124583,16:40:51.700350,0.00509,1.62065,1.62065,-0.00328,0.10636,0.02223,-0.00917,0.01385,-0.08979,0.06405,1.00979,4.60569,1.61976,1.68236,1.74436,-1.70553,4.20738,4.53006,-1.69396,4.31807,1.57080,1.57080,A,164051.50
4.62213,57.68794267,11.98124561,57.68794350,11.98124583,16:40:51.711072,0.00541,1.62065,1.62065,-0.00226,0.10667,0.02650,0.00030,0.01369,-0.03922,0.09723,0.94715,4.61633,1.61993,1.65740,1.71958,-1.70724,4.22598,4.53006,-1.69396,4.31807,1.57080,1.57080,A,164051.50
4.67633,57.68794283,11.98124559,57.68794350,11.98124783,16:40:51.765300,0.04921,1.62065,1.50000,-0.00168,0.10698,0.02421,-0.00321,0.01736,0.01519,0.06978,0.91341,4.62670,1.62008,1.63611,1.69848,-1.70847,4.24318,4.64346,-1.57508,4.31807,0.00000,0.00000,A,164051.60
4.69354,57.68794367,11.98124551,57.68794350,11.98124783,16:40:51.782483,0.00691,1.62065,1.62065,-0.00047,0.10732,0.01368,0.01359,-0.00769,-0.02873,0.08436,1.08995,4.68777,1.62019,1.38892,1.45149,-1.71342,4.33743,4.64346,-1.57508,4.31807,0.00000,0.00000,A,164051.60
4.70240,57.68794376,11.98124564,57.68794350,11.98124783,16:40:51.791336,0.00536,1.62065,1.62065,-0.00023,0.10732,0.01994,0.01252,-0.00188,0.03367,0.05948,1.01858,4.69661,1.62028,1.17210,1.23467,-1.70522,4.34717,4.64346,-1.57508,4.31807,0.00000,0.00000,A,164051.60
4.71252,57.68794386,11.98124582,57.68794350,11.98124783,16:40:51.801459,0.00509,1.62065,1.62065,-0.00016,0.10732,0.01719,-0.00153,0.00560,0.01196,0.04648,0.96923,4.70703,1.62036,0.98797,1.05054,-1.69447,4.35784,4.64346,-1.57508,4.31807,0.00000,0.00000,A,164051.60
4.72300,57.68794394,11.98124603,57.68794350,11.98124783,16:40:51.811949,0.00534,1.62065,1.62065,-0.00022,0.10732,0.00772,-0.01314,0.00850,-0.01806,0.04416,0.94117,4.71708,1.62041,0.83146,0.89402,-1.68218,4.36689,4.64346,-1.57508,4.31807,0.00000,0.00000,A,164051.60
4.73340,57.68794401,11.98124626,57.68794350,11.98124783,16:40:51.822357,0.00535,1.62065,1.62065,-0.00053,0.10732,0.01643,-0.01222,0.01125,-0.05520,0.02233,0.95312,4.72768,1.62046,0.69843,0.76100,-1.66874,4.37451,4.64346,-1.57508,4.31807,0.00000,0.00000,A,164051.60
4.79104,57.68794407,11.98124651,57.68794633,11.98124233,16:40:51.880005,0.05258,1.62065,1.50000,-0.00055,0.10732,0.01627,-0.00825,0.01323,-0.00348,0.04099,0.94837,4.73785,1.62050,0.58549,0.64805,-1.65365,4.38160,4.76842,-1.90199,4.63312,2.37465,2.37465,A,164051.80
4.80224,57.68794465,11.98124745,57.68794633,11.98124233,16:40:51.891184,0.00642,1.35601,1.35601,0.00001,0.10732,0.01963,-0.00077,-0.00020,0.00207,0.00964,1.08854,4.79557,1.56760,0.85165,0.91422,-1.59771,4.44593,4.76842,-1.90199,4.63312,2.37465,2.37465,A,164051.80
4.81135,57.68794481,11.98124731,57.68794633,11.98124233,16:40:51.900293,0.00513,1.35601,1.35601,-0.00052,0.10732,0.02177,-0.00535,0.00254,0.04349,-0.00268,1.02456,4.80560,1.52528,1.07160,1.13416,-1.60648,4.46365,4.76842,-1.90199,4.63312,2.37465,2.37465,A,164051.80
4.82275,57.68794500,11.98124715,57.68794633,11.98124233,16:40:51.911692,0.00614,1.35601,1.35601,-0.00125,0.10732,0.02085,-0.01131,0.00438,0.01501,-0.01616,0.96935,4.81693,1.49143,1.25880,1.32136,-1.61557,4.48432,4.76842,-1.90199,4.63312,2.37465,2.37465,A,164051.80
4.83231,57.68794516,11.98124696,57.68794633,11.98124233,16:40:51.921249,0.00530,1.35601,1.35601,-0.00054,0.10732,0.01123,-0.01696,0.00682,-0.04099,0.08430,0.96575,4.82680,1.46434,1.41771,1.48028,-1.62717,4.50242,4.76842,-1.90199,4.63312,2.37465,2.37465,A,164051.80
4.84270,57.68794532,11.98124674,57.68794633,11.98124233,16:40:51.931639,0.00519,1.35601,1.35601,-0.00073,0.10732,0.02269,-0.00825,0.00468,-0.09711,0.01928,0.97380,4.83692,1.44268,1.55284,1.61540,-1.63987,4.52047,4.76842,-1.90199,4.63312,2.37465,2.37465,A,164051.80
4.85299,57.68794548,11.98124651,57.68794633,11.98124233,16:40:51.942317,0.00508,1.35601,1.35601,-0.00025,0.10732,0.02131,0.00290,0.00361,-0.07076,0.06015,0.91799,4.84752,1.42534,1.66770,1.73027,-1.65349,4.53776,4.76842,-1.90199,4.63312,2.37465,2.37465,A,164051.80
4.86361,57.68794562,11.98124627,57.68794633,11.98124233,16:40:51.952552,0.00530,1.35601,1.35601,0.00086,0.10732,0.02650,0.00656,0.00148,0.06466,0.09479,0.89133,4.85768,1.41148,1.76531,1.82787,-1.66772,4.55374,4.76842,-1.90199,4.63312,2.37465,2.37465,A,164051.80
4.92067,57.68794576,11.98124603,57.68794717,11.98124200,16:40:52.009638,0.05196,1.35601,1.50000,0.00129,0.10732,0.02315,-0.00092,0.00041,0.01366,0.05783,0.93659,4.86859,1.40038,1.84832,1.91089,-1.68246,4.56923,4.88562,-1.92180,4.72578,1.78144,1.78144,A,164051.90
4.94303,57.68794657,11.98124533,57.68794717,11.98124200,16:40:52.031977,0.00661,1.35601,1.35601,0.00296,0.10732,0.02528,-0.00764,0.00392,-0.08015,0.04636,0.96392,4.93652,1.39151,1.83623,1.89880,-1.72366,4.65965,4.88562,-1.92180,4.72578,1.78144,1.78144,A,164051.90
4.95192,57.68794668,11.98124512,57.68794717,11.98124200,16:40:52.040859,0.00510,1.35601,1.35601,0.00322,0.10732,0.02864,-0.00291,0.00422,-0.03196,0.04685,0.91768,4.94641,1.38441,1.81942,1.88198,-1.73659,4.67187,4.88562,-1.92180,4.72578,1.78144,1.78144,A,164051.90
4.96272,57.68794680,11.98124490,57.68794717,11.98124200,16:40:52.051657,0.00534,1.35601,1.35601,0.00293,0.10732,0.03002,-0.00291,0.00606,-0.01165,0.01128,0.91555,4.95694,1.37873,1.80530,1.86786,-1.74937,4.68549,4.88562,-1.92180,4.72578,1.78144,1.78144,A,164051.90
4.97575,57.68794695,11.98124468,57.68794717,11.98124200,16:40:52.064693,0.00798,1.35601,1.35601,0.00342,0.10732,0.02757,-0.00642,0.00254,0.00159,0.05563,0.92635,4.97020,1.37418,1.79356,1.85612,-1.76228,4.70153,4.88562,-1.92180,4.72578,1.78144,1.78144,A,164051.90
4.98332,57.68794702,11.98124452,57.68794717,11.98124200,16:40:52.072258,0.00514,1.35601,1.35601,0.00220,0.10732,0.02376,-0.01222,0.00178,-0.00567,-0.03953,0.96734,4.97757,1.37055,1.78296,1.84552,-1.77229,4.70967,4.88562,-1.92180,4.72578,1.78144,1.78144,A,164051.90
5.03623,57.68794713,11.98124434,57.68794850,11.98124150,16:40:52.125213,0.04765,1.35601,1.50000,0.00274,0.10732,0.01872,-0.01665,-0.00265,-0.01336,0.07296,1.00668,4.98837,1.36764,1.77430,1.83687,-1.78286,4.72145,5.00571,-1.95152,4.87404,1.76862,1.76862,A,164052.00
5.05991,57.68794784,11.98124387,57.68794850,11.98124150,16:40:52.149145,0.01245,1.35601,1.35601,0.00000,0.10724,0.00314,-0.02001,-0.01761,-0.06161,0.10956,0.95245,5.04754,1.35601,1.88912,1.95164,-1.95152,4.87404,5.00571,-1.95152,4.87404,1.76862,1.76862,A,164052.00
