0,0
0.02,0
0.04,0
0.06,0
0.08,0
0.1,0
0.12,0
0.14,0
0.16,0
0.18,0
0.2,0
0.22,0
0.24,0
0.26,0
0.28,0
0.3,0
0.32,0
0.34,0
0.36,0
0.38,0
0.4,0
0.42,0
0.44,0
0.46,0
0.48,0
0.5,0
0.52,0
0.54,0
0.56,0
0.58,0
0.6,0
0.62,0
0.64,0
0.66,0
0.68,0
0.7,0
0.72,0
0.74,0
0.76,0
0.78,0
0.8,0
0.82,0
0.84,0
0.86,0
0.88,0
0.9,0
0.92,0
0.94,0
0.96,0
0.98,0
1,0
1.02,0
1.04,0
1.06,0
1.08,0
1.1,0
1.12,0
1.14,0
1.16,0
1.18,0
1.2,0
1.22,0
1.24,0
1.26,0
1.28,0
1.3,0
1.32,0
1.34,0
1.36,0
1.38,0
1.4,0
1.42,0
1.44,0
1.46,0
1.48,0
1.5,0
1.52,0
1.54,0
1.56,0
1.58,0
1.6,0
1.62,0
1.64,0
1.66,0
1.68,0
1.7,0
1.72,0
1.74,0
1.76,0
1.78,0
1.8,0
1.82,0
1.84,0
1.86,0
1.88,0
1.9,0
1.92,0
1.94,0
1.96,0
1.98,0
2,0
2.02,0
2.04,0
2.06,0
2.08,0
2.1,0
2.12,0
2.14,0
2.16,0
2.18,0
2.2,0
2.22,0
2.24,0
2.26,0
2.28,0
2.3,0
2.32,0
2.34,0
2.36,0
2.38,0
2.4,0
2.42,0
2.44,0
2.46,0
2.48,0
2.5,0
2.52,0
2.54,0
2.56,0
2.58,0
2.6,0
2.62,0
2.64,0
2.66,0
2.68,0
2.7,0
2.72,0
2.74,0
2.76,0
2.78,0
2.8,0
2.82,0
2.84,0
2.86,0
2.88,0
2.9,0
2.92,0
2.94,0
2.96,0
2.98,0
3,0
3.02,0
3.04,0
3.06,0
3.08,0
3.1,0
3.12,0
3.14,0
3.16,0
3.18,0
3.2,0
3.22,0
3.24,0
3.26,0
3.28,0
3.3,0
3.32,0
3.34,0
3.36,0
3.38,0
3.4,0
3.42,0
3.44,0
3.46,0
3.48,0
3.5,0
3.52,0
3.54,0
3.56,0
3.58,0
3.6,0
3.62,0
3.64,0
3.66,0
3.68,0
3.7,0
3.72,0
3.74,0
3.76,0
3.78,0
3.8,0
3.82,0
3.84,0
3.86,0
3.88,0
3.9,0
3.92,0
3.94,0
3.96,0
3.98,0
4,0
4.02,0
4.04,0
4.06,0
4.08,0
4.1,0
4.12,0
4.14,0
4.16,0
4.18,0
4.2,0
4.22,0
4.24,0
4.26,0
4.28,0
4.3,0
4.32,0
4.34,0
4.36,0
4.38,0
4.4,0
4.42,0
4.44,0
4.46,0
4.48,0
4.5,0
4.52,0
4.54,0
4.56,0
4.58,0
4.6,0
4.62,0
4.64,0
4.66,0
4.68,0
4.7,0
4.72,0
4.74,0
4.76,0
4.78,0
4.8,0
4.82,0
4.84,0
4.86,0
4.88,0
4.9,0
4.92,0
4.94,0
4.96,0
4.98,0
5,0
5.02,0
5.04,0
5.06,0
5.08,0
5.1,0
5.12,0
5.14,0
5.16,0
5.18,0
5.2,0
5.22,0
5.24,0
5.26,0
5.28,0
5.3,0
5.32,0
5.34,0
5.36,0
5.38,0
5.4,0
5.42,0
5.44,0
5.46,0
5.48,0
5.5,0
5.52,0
5.54,0
5.56,0
5.58,0
5.6,0
5.62,0
5.64,0
5.66,0
5.68,0
5.7,0
5.72,0
5.74,0
5.76,0
5.78,0
5.8,0
5.82,0
5.84,0
5.86,0
5.88,0
5.9,0
5.92,0
5.94,0
5.96,0
5.98,0
6,0
6.02,0
6.04,0
6.06,0
6.08,0
6.1,0
6.12,0
6.14,0
6.16,0
6.18,0
6.2,0
6.22,0
6.24,0
6.26,0
6.28,0
6.3,0
6.32,0
6.34,0
6.36,0
6.38,0
6.4,0
6.42,0
6.44,0
6.46,0
6.48,0
6.5,0
6.52,0
6.54,0
6.56,0
6.58,0
6.6,0
6.62,0
6.64,0
6.66,0
6.68,0
6.7,0
6.72,0
6.74,0
6.76,0
6.78,0
6.8,0
6.82,0
6.84,0
6.86,0
6.88,0
6.9,0
6.92,0
6.94,0
6.96,0
6.98,0
7,0.0174532925199433
7.02,0.0174532925199433
7.04,0.0174532925199433
7.06,0.0174532925199433
7.08,0.0174532925199433
7.1,0.0174532925199433
7.12,0.0174532925199433
7.14,0.0174532925199433
7.16,0.0174532925199433
7.18,0.0174532925199433
7.2,0.0174532925199433
7.22,0.0174532925199433
7.24,0.0174532925199433
7.26,0.0174532925199433
7.28,0.0174532925199433
7.3,0.0174532925199433
7.32,0.0174532925199433
7.34,0.0174532925199433
7.36,0.0174532925199433
7.38,0.0174532925199433
7.4,0.0174532925199433
7.42,0.0174532925199433
7.44,0.0174532925199433
7.46,0.0174532925199433
7.48,0.0174532925199433
7.5,0.0174532925199433
7.52,0.0174532925199433
7.54,0.0174532925199433
7.56,0.0174532925199433
7.58,0.0174532925199433
7.6,0.0174532925199433
7.62,0.0174532925199433
7.64,0.0174532925199433
7.66,0.0174532925199433
7.68,0.0174532925199433
7.7,0.0174532925199433
7.72,0.0174532925199433
7.74,0.0174532925199433
7.76,0.0174532925199433
7.78,0.0174532925199433
7.8,0.0174532925199433
7.82,0.0174532925199433
7.84,0.0174532925199433
7.86,0.0174532925199433
7.88,0.0174532925199433
7.9,0.0174532925199433
7.92,0.0174532925199433
7.94,0.0174532925199433
7.96,0.0174532925199433
7.98,0.0174532925199433
8,0.0174532925199433
8.02,0.0174532925199433
8.04,0.0174532925199433
8.06,0.0174532925199433
8.08,0.0174532925199433
8.1,0.0174532925199433
8.12,0.0174532925199433
8.14,0.0174532925199433
8.16,0.0174532925199433
8.18,0.0174532925199433
8.2,0.0174532925199433
8.22,0.0174532925199433
8.24,0.0174532925199433
8.26,0.0174532925199433
8.28,0.0174532925199433
8.3,0.0174532925199433
8.32,0.0174532925199433
8.34,0.0174532925199433
8.36,0.0174532925199433
8.38,0.0174532925199433
8.4,0.0174532925199433
8.42,0.0174532925199433
8.44,0.0174532925199433
8.46,0.0174532925199433
8.48,0.0174532925199433
8.5,0.0174532925199433
8.52,0.0174532925199433
8.54,0.0174532925199433
8.56,0.0174532925199433
8.58,0.0174532925199433
8.6,0.0174532925199433
8.62,0.0174532925199433
8.64,0.0174532925199433
8.66,0.0174532925199433
8.68,0.0174532925199433
8.7,0.0174532925199433
8.72,0.0174532925199433
8.74,0.0174532925199433
8.76,0.0174532925199433
8.78,0.0174532925199433
8.8,0.0174532925199433
8.82,0.0174532925199433
8.84,0.0174532925199433
8.86,0.0174532925199433
8.88,0.0174532925199433
8.9,0.0174532925199433
8.92,0.0174532925199433
8.94,0.0174532925199433
8.96,0.0174532925199433
8.98,0.0174532925199433
9,0.0174532925199433
9.02,0.0174532925199433
9.04,0.0174532925199433
9.06,0.0174532925199433
9.08,0.0174532925199433
9.1,0.0174532925199433
9.12,0.0174532925199433
9.14,0.0174532925199433
9.16,0.0174532925199433
9.18,0.0174532925199433
9.2,0.0174532925199433
9.22,0.0174532925199433
9.24,0.0174532925199433
9.26,0.0174532925199433
9.28,0.0174532925199433
9.3,0.0174532925199433
9.32,0.0174532925199433
9.34,0.0174532925199433
9.36,0.0174532925199433
9.38,0.0174532925199433
9.4,0.0174532925199433
9.42,0.0174532925199433
9.44,0.0174532925199433
9.46,0.0174532925199433
9.48,0.0174532925199433
9.5,0.0174532925199433
9.52,0.0174532925199433
9.54,0.0174532925199433
9.56,0.0174532925199433
9.58,0.0174532925199433
9.6,0.0174532925199433
9.62,0.0174532925199433
9.64,0.0174532925199433
9.66,0.0174532925199433
9.68,0.0174532925199433
9.7,0.0174532925199433
9.72,0.0174532925199433
9.74,0.0174532925199433
9.76,0.0174532925199433
9.78,0.0174532925199433
9.8,0.0174532925199433
9.82,0.0174532925199433
9.84,0.0174532925199433
9.86,0.0174532925199433
9.88,0.0174532925199433
9.9,0.0174532925199433
9.92,0.0174532925199433
9.94,0.0174532925199433
9.96,0.0174532925199433
9.98,0.0174532925199433
10,-0.0174532925199433
10.02,-0.0174532925199433
10.04,-0.0174532925199433
10.06,-0.0174532925199433
10.08,-0.0174532925199433
10.1,-0.0174532925199433
10.12,-0.0174532925199433
10.14,-0.0174532925199433
10.16,-0.0174532925199433
10.18,-0.0174532925199433
10.2,-0.0174532925199433
10.22,-0.0174532925199433
10.24,-0.0174532925199433
10.26,-0.0174532925199433
10.28,-0.0174532925199433
10.3,-0.0174532925199433
10.32,-0.0174532925199433
10.34,-0.0174532925199433
10.36,-0.0174532925199433
10.38,-0.0174532925199433
10.4,-0.0174532925199433
10.42,-0.0174532925199433
10.44,-0.0174532925199433
10.46,-0.0174532925199433
10.48,-0.0174532925199433
10.5,-0.0174532925199433
10.52,-0.0174532925199433
10.54,-0.0174532925199433
10.56,-0.0174532925199433
10.58,-0.0174532925199433
10.6,-0.0174532925199433
10.62,-0.0174532925199433
10.64,-0.0174532925199433
10.66,-0.0174532925199433
10.68,-0.0174532925199433
10.7,-0.0174532925199433
10.72,-0.0174532925199433
10.74,-0.0174532925199433
10.76,-0.0174532925199433
10.78,-0.0174532925199433
10.8,-0.0174532925199433
10.82,-0.0174532925199433
10.84,-0.0174532925199433
10.86,-0.0174532925199433
10.88,-0.0174532925199433
10.9,-0.0174532925199433
10.92,-0.0174532925199433
10.94,-0.0174532925199433
10.96,-0.0174532925199433
10.98,-0.0174532925199433
11,-0.0174532925199433
11.02,-0.0174532925199433
11.04,-0.0174532925199433
11.06,-0.0174532925199433
11.08,-0.0174532925199433
11.1,-0.0174532925199433
11.12,-0.0174532925199433
11.14,-0.0174532925199433
11.16,-0.0174532925199433
11.18,-0.0174532925199433
11.2,-0.0174532925199433
11.22,-0.0174532925199433
11.24,-0.0174532925199433
11.26,-0.0174532925199433
11.28,-0.0174532925199433
11.3,-0.0174532925199433
11.32,-0.0174532925199433
11.34,-0.0174532925199433
11.36,-0.0174532925199433
11.38,-0.0174532925199433
11.4,-0.0174532925199433
11.42,-0.0174532925199433
11.44,-0.0174532925199433
11.46,-0.0174532925199433
11.48,-0.0174532925199433
11.5,-0.0174532925199433
11.52,-0.0174532925199433
11.54,-0.0174532925199433
11.56,-0.0174532925199433
11.58,-0.0174532925199433
11.6,-0.0174532925199433
11.62,-0.0174532925199433
11.64,-0.0174532925199433
11.66,-0.0174532925199433
11.68,-0.0174532925199433
11.7,-0.0174532925199433
11.72,-0.0174532925199433
11.74,-0.0174532925199433
11.76,-0.0174532925199433
11.78,-0.0174532925199433
11.8,-0.0174532925199433
11.82,-0.0174532925199433
11.84,-0.0174532925199433
11.86,-0.0174532925199433
11.88,-0.0174532925199433
11.9,-0.0174532925199433
11.92,-0.0174532925199433
11.94,-0.0174532925199433
11.96,-0.0174532925199433
11.98,-0.0174532925199433
12,-0.0174532925199433
12.02,-0.0174532925199433
12.04,-0.0174532925199433
12.06,-0.0174532925199433
12.08,-0.0174532925199433
12.1,-0.0174532925199433
12.12,-0.0174532925199433
12.14,-0.0174532925199433
12.16,-0.0174532925199433
12.18,-0.0174532925199433
12.2,-0.0174532925199433
12.22,-0.0174532925199433
12.24,-0.0174532925199433
12.26,-0.0174532925199433
12.28,-0.0174532925199433
12.3,-0.0174532925199433
12.32,-0.0174532925199433
12.34,-0.0174532925199433
12.36,-0.0174532925199433
12.38,-0.0174532925199433
12.4,-0.0174532925199433
12.42,-0.0174532925199433
12.44,-0.0174532925199433
12.46,-0.0174532925199433
12.48,-0.0174532925199433
12.5,-0.0174532925199433
12.52,-0.0174532925199433
12.54,-0.0174532925199433
12.56,-0.0174532925199433
12.58,-0.0174532925199433
12.6,-0.0174532925199433
12.62,-0.0174532925199433
12.64,-0.0174532925199433
12.66,-0.0174532925199433
12.68,-0.0174532925199433
12.7,-0.0174532925199433
12.72,-0.0174532925199433
12.74,-0.0174532925199433
12.76,-0.0174532925199433
12.78,-0.0174532925199433
12.8,-0.0174532925199433
12.82,-0.0174532925199433
12.84,-0.0174532925199433
12.86,-0.0174532925199433
12.88,-0.0174532925199433
12.9,-0.0174532925199433
12.92,-0.0174532925199433
12.94,-0.0174532925199433
12.96,-0.0174532925199433
12.98,-0.0174532925199433
13,-0.0174532925199433
13.02,-0.0174532925199433
13.04,-0.0174532925199433
13.06,-0.0174532925199433
13.08,-0.0174532925199433
13.1,-0.0174532925199433
13.12,-0.0174532925199433
13.14,-0.0174532925199433
13.16,-0.0174532925199433
13.18,-0.0174532925199433
13.2,-0.0174532925199433
13.22,-0.0174532925199433
13.24,-0.0174532925199433
13.26,-0.0174532925199433
13.28,-0.0174532925199433
13.3,-0.0174532925199433
13.32,-0.0174532925199433
13.34,-0.0174532925199433
13.36,-0.0174532925199433
13.38,-0.0174532925199433
13.4,-0.0174532925199433
13.42,-0.0174532925199433
13.44,-0.0174532925199433
13.46,-0.0174532925199433
13.48,-0.0174532925199433
13.5,-0.0174532925199433
13.52,-0.0174532925199433
13.54,-0.0174532925199433
13.56,-0.0174532925199433
13.58,-0.0174532925199433
13.6,-0.0174532925199433
13.62,-0.0174532925199433
13.64,-0.0174532925199433
13.66,-0.0174532925199433
13.68,-0.0174532925199433
13.7,-0.0174532925199433
13.72,-0.0174532925199433
13.74,-0.0174532925199433
13.76,-0.0174532925199433
13.78,-0.0174532925199433
13.8,-0.0174532925199433
13.82,-0.0174532925199433
13.84,-0.0174532925199433
13.86,-0.0174532925199433
13.88,-0.0174532925199433
13.9,-0.0174532925199433
13.92,-0.0174532925199433
13.94,-0.0174532925199433
13.96,-0.0174532925199433
13.98,-0.0174532925199433
14,-0.0174532925199433
14.02,-0.0174532925199433
14.04,-0.0174532925199433
14.06,-0.0174532925199433
14.08,-0.0174532925199433
14.1,-0.0174532925199433
14.12,-0.0174532925199433
14.14,-0.0174532925199433
14.16,-0.0174532925199433
14.18,-0.0174532925199433
14.2,-0.0174532925199433
14.22,-0.0174532925199433
14.24,-0.0174532925199433
14.26,-0.0174532925199433
14.28,-0.0174532925199433
14.3,-0.0174532925199433
14.32,-0.0174532925199433
14.34,-0.0174532925199433
14.36,-0.0174532925199433
14.38,-0.0174532925199433
14.4,-0.0174532925199433
14.42,-0.0174532925199433
14.44,-0.0174532925199433
14.46,-0.0174532925199433
14.48,-0.0174532925199433
14.5,-0.0174532925199433
14.52,-0.0174532925199433
14.54,-0.0174532925199433
14.56,-0.0174532925199433
14.58,-0.0174532925199433
14.6,-0.0174532925199433
14.62,-0.0174532925199433
14.64,-0.0174532925199433
14.66,-0.0174532925199433
14.68,-0.0174532925199433
14.7,-0.0174532925199433
14.72,-0.0174532925199433
14.74,-0.0174532925199433
14.76,-0.0174532925199433
14.78,-0.0174532925199433
14.8,-0.0174532925199433
14.82,-0.0174532925199433
14.84,-0.0174532925199433
14.86,-0.0174532925199433
14.88,-0.0174532925199433
14.9,-0.0174532925199433
14.92,-0.0174532925199433
14.94,-0.0174532925199433
14.96,-0.0174532925199433
14.98,-0.0174532925199433
15,-0.0174532925199433
15.02,-0.0174532925199433
15.04,-0.0174532925199433
15.06,-0.0174532925199433
15.08,-0.0174532925199433
15.1,-0.0174532925199433
15.12,-0.0174532925199433
15.14,-0.0174532925199433
15.16,-0.0174532925199433
15.18,-0.0174532925199433
15.2,-0.0174532925199433
15.22,-0.0174532925199433
15.24,-0.0174532925199433
15.26,-0.0174532925199433
15.28,-0.0174532925199433
15.3,-0.0174532925199433
15.32,-0.0174532925199433
15.34,-0.0174532925199433
15.36,-0.0174532925199433
15.38,-0.0174532925199433
15.4,-0.0174532925199433
15.42,-0.0174532925199433
15.44,-0.0174532925199433
15.46,-0.0174532925199433
15.48,-0.0174532925199433
15.5,-0.0174532925199433
15.52,-0.0174532925199433
15.54,-0.0174532925199433
15.56,-0.0174532925199433
15.58,-0.0174532925199433
15.6,-0.0174532925199433
15.62,-0.0174532925199433
15.64,-0.0174532925199433
15.66,-0.0174532925199433
15.68,-0.0174532925199433
15.7,-0.0174532925199433
15.72,-0.0174532925199433
15.74,-0.0174532925199433
15.76,-0.0174532925199433
15.78,-0.0174532925199433
15.8,-0.0174532925199433
15.82,-0.0174532925199433
15.84,-0.0174532925199433
15.86,-0.0174532925199433
15.88,-0.0174532925199433
15.9,-0.0174532925199433
15.92,-0.0174532925199433
15.94,-0.0174532925199433
15.96,-0.0174532925199433
15.98,-0.0174532925199433
16,0.0174532925199433
16.02,0.0174532925199433
16.04,0.0174532925199433
16.06,0.0174532925199433
16.08,0.0174532925199433
16.1,0.0174532925199433
16.12,0.0174532925199433
16.14,0.0174532925199433
16.16,0.0174532925199433
16.18,0.0174532925199433
16.2,0.0174532925199433
16.22,0.0174532925199433
16.24,0.0174532925199433
16.26,0.0174532925199433
16.28,0.0174532925199433
16.3,0.0174532925199433
16.32,0.0174532925199433
16.34,0.0174532925199433
16.36,0.0174532925199433
16.38,0.0174532925199433
16.4,0.0174532925199433
16.42,0.0174532925199433
16.44,0.0174532925199433
16.46,0.0174532925199433
16.48,0.0174532925199433
16.5,0.0174532925199433
16.52,0.0174532925199433
16.54,0.0174532925199433
16.56,0.0174532925199433
16.58,0.0174532925199433
16.6,0.0174532925199433
16.62,0.0174532925199433
16.64,0.0174532925199433
16.66,0.0174532925199433
16.68,0.0174532925199433
16.7,0.0174532925199433
16.72,0.0174532925199433
16.74,0.0174532925199433
16.76,0.0174532925199433
16.78,0.0174532925199433
16.8,0.0174532925199433
16.82,0.0174532925199433
16.84,0.0174532925199433
16.86,0.0174532925199433
16.88,0.0174532925199433
16.9,0.0174532925199433
16.92,0.0174532925199433
16.94,0.0174532925199433
16.96,0.0174532925199433
16.98,0.0174532925199433
17,0.0174532925199433
17.02,0.0174532925199433
17.04,0.0174532925199433
17.06,0.0174532925199433
17.08,0.0174532925199433
17.1,0.0174532925199433
17.12,0.0174532925199433
17.14,0.0174532925199433
17.16,0.0174532925199433
17.18,0.0174532925199433
17.2,0.0174532925199433
17.22,0.0174532925199433
17.24,0.0174532925199433
17.26,0.0174532925199433
17.28,0.0174532925199433
17.3,0.0174532925199433
17.32,0.0174532925199433
17.34,0.0174532925199433
17.36,0.0174532925199433
17.38,0.0174532925199433
17.4,0.0174532925199433
17.42,0.0174532925199433
17.44,0.0174532925199433
17.46,0.0174532925199433
17.48,0.0174532925199433
17.5,0.0174532925199433
17.52,0.0174532925199433
17.54,0.0174532925199433
17.56,0.0174532925199433
17.58,0.0174532925199433
17.6,0.0174532925199433
17.62,0.0174532925199433
17.64,0.0174532925199433
17.66,0.0174532925199433
17.68,0.0174532925199433
17.7,0.0174532925199433
17.72,0.0174532925199433
17.74,0.0174532925199433
17.76,0.0174532925199433
17.78,0.0174532925199433
17.8,0.0174532925199433
17.82,0.0174532925199433
17.84,0.0174532925199433
17.86,0.0174532925199433
17.88,0.0174532925199433
17.9,0.0174532925199433
17.92,0.0174532925199433
17.94,0.0174532925199433
17.96,0.0174532925199433
17.98,0.0174532925199433
18,0.0174532925199433
18.02,0.0174532925199433
18.04,0.0174532925199433
18.06,0.0174532925199433
18.08,0.0174532925199433
18.1,0.0174532925199433
18.12,0.0174532925199433
18.14,0.0174532925199433
18.16,0.0174532925199433
18.18,0.0174532925199433
18.2,0.0174532925199433
18.22,0.0174532925199433
18.24,0.0174532925199433
18.26,0.0174532925199433
18.28,0.0174532925199433
18.3,0.0174532925199433
18.32,0.0174532925199433
18.34,0.0174532925199433
18.36,0.0174532925199433
18.38,0.0174532925199433
18.4,0.0174532925199433
18.42,0.0174532925199433
18.44,0.0174532925199433
18.46,0.0174532925199433
18.48,0.0174532925199433
18.5,0.0174532925199433
18.52,0.0174532925199433
18.54,0.0174532925199433
18.56,0.0174532925199433
18.58,0.0174532925199433
18.6,0.0174532925199433
18.62,0.0174532925199433
18.64,0.0174532925199433
18.66,0.0174532925199433
18.68,0.0174532925199433
18.7,0.0174532925199433
18.72,0.0174532925199433
18.74,0.0174532925199433
18.76,0.0174532925199433
18.78,0.0174532925199433
18.8,0.0174532925199433
18.82,0.0174532925199433
18.84,0.0174532925199433
18.86,0.0174532925199433
18.88,0.0174532925199433
18.9,0.0174532925199433
18.92,0.0174532925199433
18.94,0.0174532925199433
18.96,0.0174532925199433
18.98,0.0174532925199433
19,0.0174532925199433
19.02,0.0174532925199433
19.04,0.0174532925199433
19.06,0.0174532925199433
19.08,0.0174532925199433
19.1,0.0174532925199433
19.12,0.0174532925199433
19.14,0.0174532925199433
19.16,0.0174532925199433
19.18,0.0174532925199433
19.2,0.0174532925199433
19.22,0.0174532925199433
19.24,0.0174532925199433
19.26,0.0174532925199433
19.28,0.0174532925199433
19.3,0.0174532925199433
19.32,0.0174532925199433
19.34,0.0174532925199433
19.36,0.0174532925199433
19.38,0.0174532925199433
19.4,0.0174532925199433
19.42,0.0174532925199433
19.44,0.0174532925199433
19.46,0.0174532925199433
19.48,0.0174532925199433
19.5,0.0174532925199433
19.52,0.0174532925199433
19.54,0.0174532925199433
19.56,0.0174532925199433
19.58,0.0174532925199433
19.6,0.0174532925199433
19.62,0.0174532925199433
19.64,0.0174532925199433
19.66,0.0174532925199433
19.68,0.0174532925199433
19.7,0.0174532925199433
19.72,0.0174532925199433
19.74,0.0174532925199433
19.76,0.0174532925199433
19.78,0.0174532925199433
19.8,0.0174532925199433
19.82,0.0174532925199433
19.84,0.0174532925199433
19.86,0.0174532925199433
19.88,0.0174532925199433
19.9,0.0174532925199433
19.92,0.0174532925199433
19.94,0.0174532925199433
19.96,0.0174532925199433
19.98,0.0174532925199433
20,0.0174532925199433
20.02,0.0174532925199433
20.04,0.0174532925199433
20.06,0.0174532925199433
20.08,0.0174532925199433
20.1,0.0174532925199433
20.12,0.0174532925199433
20.14,0.0174532925199433
20.16,0.0174532925199433
20.18,0.0174532925199433
20.2,0.0174532925199433
20.22,0.0174532925199433
20.24,0.0174532925199433
20.26,0.0174532925199433
20.28,0.0174532925199433
20.3,0.0174532925199433
20.32,0.0174532925199433
20.34,0.0174532925199433
20.36,0.0174532925199433
20.38,0.0174532925199433
20.4,0.0174532925199433
20.42,0.0174532925199433
20.44,0.0174532925199433
20.46,0.0174532925199433
20.48,0.0174532925199433
20.5,0.0174532925199433
20.52,0.0174532925199433
20.54,0.0174532925199433
20.56,0.0174532925199433
20.58,0.0174532925199433
20.6,0.0174532925199433
20.62,0.0174532925199433
20.64,0.0174532925199433
20.66,0.0174532925199433
20.68,0.0174532925199433
20.7,0.0174532925199433
20.72,0.0174532925199433
20.74,0.0174532925199433
20.76,0.0174532925199433
20.78,0.0174532925199433
20.8,0.0174532925199433
20.82,0.0174532925199433
20.84,0.0174532925199433
20.86,0.0174532925199433
20.88,0.0174532925199433
20.9,0.0174532925199433
20.92,0.0174532925199433
20.94,0.0174532925199433
20.96,0.0174532925199433
20.98,0.0174532925199433
21,0.0174532925199433
21.02,0.0174532925199433
21.04,0.0174532925199433
21.06,0.0174532925199433
21.08,0.0174532925199433
21.1,0.0174532925199433
21.12,0.0174532925199433
21.14,0.0174532925199433
21.16,0.0174532925199433
21.18,0.0174532925199433
21.2,0.0174532925199433
21.22,0.0174532925199433
21.24,0.0174532925199433
21.26,0.0174532925199433
21.28,0.0174532925199433
21.3,0.0174532925199433
21.32,0.0174532925199433
21.34,0.0174532925199433
21.36,0.0174532925199433
21.38,0.0174532925199433
21.4,0.0174532925199433
21.42,0.0174532925199433
21.44,0.0174532925199433
21.46,0.0174532925199433
21.48,0.0174532925199433
21.5,0.0174532925199433
21.52,0.0174532925199433
21.54,0.0174532925199433
21.56,0.0174532925199433
21.58,0.0174532925199433
21.6,0.0174532925199433
21.62,0.0174532925199433
21.64,0.0174532925199433
21.66,0.0174532925199433
21.68,0.0174532925199433
21.7,0.0174532925199433
21.72,0.0174532925199433
21.74,0.0174532925199433
21.76,0.0174532925199433
21.78,0.0174532925199433
21.8,0.0174532925199433
21.82,0.0174532925199433
21.84,0.0174532925199433
21.86,0.0174532925199433
21.88,0.0174532925199433
21.9,0.0174532925199433
21.92,0.0174532925199433
21.94,0.0174532925199433
21.96,0.0174532925199433
21.98,0.0174532925199433
22,-0.0174532925199433
22.02,-0.0174532925199433
22.04,-0.0174532925199433
22.06,-0.0174532925199433
22.08,-0.0174532925199433
22.1,-0.0174532925199433
22.12,-0.0174532925199433
22.14,-0.0174532925199433
22.16,-0.0174532925199433
22.18,-0.0174532925199433
22.2,-0.0174532925199433
22.22,-0.0174532925199433
22.24,-0.0174532925199433
22.26,-0.0174532925199433
22.28,-0.0174532925199433
22.3,-0.0174532925199433
22.32,-0.0174532925199433
22.34,-0.0174532925199433
22.36,-0.0174532925199433
22.38,-0.0174532925199433
22.4,-0.0174532925199433
22.42,-0.0174532925199433
22.44,-0.0174532925199433
22.46,-0.0174532925199433
22.48,-0.0174532925199433
22.5,-0.0174532925199433
22.52,-0.0174532925199433
22.54,-0.0174532925199433
22.56,-0.0174532925199433
22.58,-0.0174532925199433
22.6,-0.0174532925199433
22.62,-0.0174532925199433
22.64,-0.0174532925199433
22.66,-0.0174532925199433
22.68,-0.0174532925199433
22.7,-0.0174532925199433
22.72,-0.0174532925199433
22.74,-0.0174532925199433
22.76,-0.0174532925199433
22.78,-0.0174532925199433
22.8,-0.0174532925199433
22.82,-0.0174532925199433
22.84,-0.0174532925199433
22.86,-0.0174532925199433
22.88,-0.0174532925199433
22.9,-0.0174532925199433
22.92,-0.0174532925199433
22.94,-0.0174532925199433
22.96,-0.0174532925199433
22.98,-0.0174532925199433
23,-0.0174532925199433
23.02,-0.0174532925199433
23.04,-0.0174532925199433
23.06,-0.0174532925199433
23.08,-0.0174532925199433
23.1,-0.0174532925199433
23.12,-0.0174532925199433
23.14,-0.0174532925199433
23.16,-0.0174532925199433
23.18,-0.0174532925199433
23.2,-0.0174532925199433
23.22,-0.0174532925199433
23.24,-0.0174532925199433
23.26,-0.0174532925199433
23.28,-0.0174532925199433
23.3,-0.0174532925199433
23.32,-0.0174532925199433
23.34,-0.0174532925199433
23.36,-0.0174532925199433
23.38,-0.0174532925199433
23.4,-0.0174532925199433
23.42,-0.0174532925199433
23.44,-0.0174532925199433
23.46,-0.0174532925199433
23.48,-0.0174532925199433
23.5,-0.0174532925199433
23.52,-0.0174532925199433
23.54,-0.0174532925199433
23.56,-0.0174532925199433
23.58,-0.0174532925199433
23.6,-0.0174532925199433
23.62,-0.0174532925199433
23.64,-0.0174532925199433
23.66,-0.0174532925199433
23.68,-0.0174532925199433
23.7,-0.0174532925199433
23.72,-0.0174532925199433
23.74,-0.0174532925199433
23.76,-0.0174532925199433
23.78,-0.0174532925199433
23.8,-0.0174532925199433
23.82,-0.0174532925199433
23.84,-0.0174532925199433
23.86,-0.0174532925199433
23.88,-0.0174532925199433
23.9,-0.0174532925199433
23.92,-0.0174532925199433
23.94,-0.0174532925199433
23.96,-0.0174532925199433
23.98,-0.0174532925199433
24,-0.0174532925199433
24.02,-0.0174532925199433
24.04,-0.0174532925199433
24.06,-0.0174532925199433
24.08,-0.0174532925199433
24.1,-0.0174532925199433
24.12,-0.0174532925199433
24.14,-0.0174532925199433
24.16,-0.0174532925199433
24.18,-0.0174532925199433
24.2,-0.0174532925199433
24.22,-0.0174532925199433
24.24,-0.0174532925199433
24.26,-0.0174532925199433
24.28,-0.0174532925199433
24.3,-0.0174532925199433
24.32,-0.0174532925199433
24.34,-0.0174532925199433
24.36,-0.0174532925199433
24.38,-0.0174532925199433
24.4,-0.0174532925199433
24.42,-0.0174532925199433
24.44,-0.0174532925199433
24.46,-0.0174532925199433
24.48,-0.0174532925199433
24.5,-0.0174532925199433
24.52,-0.0174532925199433
24.54,-0.0174532925199433
24.56,-0.0174532925199433
24.58,-0.0174532925199433
24.6,-0.0174532925199433
24.62,-0.0174532925199433
24.64,-0.0174532925199433
24.66,-0.0174532925199433
24.68,-0.0174532925199433
24.7,-0.0174532925199433
24.72,-0.0174532925199433
24.74,-0.0174532925199433
24.76,-0.0174532925199433
24.78,-0.0174532925199433
24.8,-0.0174532925199433
24.82,-0.0174532925199433
24.84,-0.0174532925199433
24.86,-0.0174532925199433
24.88,-0.0174532925199433
24.9,-0.0174532925199433
24.92,-0.0174532925199433
24.94,-0.0174532925199433
24.96,-0.0174532925199433
24.98,-0.0174532925199433
25,-0.0174532925199433
25.02,-0.0174532925199433
25.04,-0.0174532925199433
25.06,-0.0174532925199433
25.08,-0.0174532925199433
25.1,-0.0174532925199433
25.12,-0.0174532925199433
25.14,-0.0174532925199433
25.16,-0.0174532925199433
25.18,-0.0174532925199433
25.2,-0.0174532925199433
25.22,-0.0174532925199433
25.24,-0.0174532925199433
25.26,-0.0174532925199433
25.28,-0.0174532925199433
25.3,-0.0174532925199433
25.32,-0.0174532925199433
25.34,-0.0174532925199433
25.36,-0.0174532925199433
25.38,-0.0174532925199433
25.4,-0.0174532925199433
25.42,-0.0174532925199433
25.44,-0.0174532925199433
25.46,-0.0174532925199433
25.48,-0.0174532925199433
25.5,-0.0174532925199433
25.52,-0.0174532925199433
25.54,-0.0174532925199433
25.56,-0.0174532925199433
25.58,-0.0174532925199433
25.6,-0.0174532925199433
25.62,-0.0174532925199433
25.64,-0.0174532925199433
25.66,-0.0174532925199433
25.68,-0.0174532925199433
25.7,-0.0174532925199433
25.72,-0.0174532925199433
25.74,-0.0174532925199433
25.76,-0.0174532925199433
25.78,-0.0174532925199433
25.8,-0.0174532925199433
25.82,-0.0174532925199433
25.84,-0.0174532925199433
25.86,-0.0174532925199433
25.88,-0.0174532925199433
25.9,-0.0174532925199433
25.92,-0.0174532925199433
25.94,-0.0174532925199433
25.96,-0.0174532925199433
25.98,-0.0174532925199433
26,-0.0174532925199433
26.02,-0.0174532925199433
26.04,-0.0174532925199433
26.06,-0.0174532925199433
26.08,-0.0174532925199433
26.1,-0.0174532925199433
26.12,-0.0174532925199433
26.14,-0.0174532925199433
26.16,-0.0174532925199433
26.18,-0.0174532925199433
26.2,-0.0174532925199433
26.22,-0.0174532925199433
26.24,-0.0174532925199433
26.26,-0.0174532925199433
26.28,-0.0174532925199433
26.3,-0.0174532925199433
26.32,-0.0174532925199433
26.34,-0.0174532925199433
26.36,-0.0174532925199433
26.38,-0.0174532925199433
26.4,-0.0174532925199433
26.42,-0.0174532925199433
26.44,-0.0174532925199433
26.46,-0.0174532925199433
26.48,-0.0174532925199433
26.5,-0.0174532925199433
26.52,-0.0174532925199433
26.54,-0.0174532925199433
26.56,-0.0174532925199433
26.58,-0.0174532925199433
26.6,-0.0174532925199433
26.62,-0.0174532925199433
26.64,-0.0174532925199433
26.66,-0.0174532925199433
26.68,-0.0174532925199433
26.7,-0.0174532925199433
26.72,-0.0174532925199433
26.74,-0.0174532925199433
26.76,-0.0174532925199433
26.78,-0.0174532925199433
26.8,-0.0174532925199433
26.82,-0.0174532925199433
26.84,-0.0174532925199433
26.86,-0.0174532925199433
26.88,-0.0174532925199433
26.9,-0.0174532925199433
26.92,-0.0174532925199433
26.94,-0.0174532925199433
26.96,-0.0174532925199433
26.98,-0.0174532925199433
27,-0.0174532925199433
27.02,-0.0174532925199433
27.04,-0.0174532925199433
27.06,-0.0174532925199433
27.08,-0.0174532925199433
27.1,-0.0174532925199433
27.12,-0.0174532925199433
27.14,-0.0174532925199433
27.16,-0.0174532925199433
27.18,-0.0174532925199433
27.2,-0.0174532925199433
27.22,-0.0174532925199433
27.24,-0.0174532925199433
27.26,-0.0174532925199433
27.28,-0.0174532925199433
27.3,-0.0174532925199433
27.32,-0.0174532925199433
27.34,-0.0174532925199433
27.36,-0.0174532925199433
27.38,-0.0174532925199433
27.4,-0.0174532925199433
27.42,-0.0174532925199433
27.44,-0.0174532925199433
27.46,-0.0174532925199433
27.48,-0.0174532925199433
27.5,-0.0174532925199433
27.52,-0.0174532925199433
27.54,-0.0174532925199433
27.56,-0.0174532925199433
27.58,-0.0174532925199433
27.6,-0.0174532925199433
27.62,-0.0174532925199433
27.64,-0.0174532925199433
27.66,-0.0174532925199433
27.68,-0.0174532925199433
27.7,-0.0174532925199433
27.72,-0.0174532925199433
27.74,-0.0174532925199433
27.76,-0.0174532925199433
27.78,-0.0174532925199433
27.8,-0.0174532925199433
27.82,-0.0174532925199433
27.84,-0.0174532925199433
27.86,-0.0174532925199433
27.88,-0.0174532925199433
27.9,-0.0174532925199433
27.92,-0.0174532925199433
27.94,-0.0174532925199433
27.96,-0.0174532925199433
27.98,-0.0174532925199433
28,0.0174532925199433
28.02,0.0174532925199433
28.04,0.0174532925199433
28.06,0.0174532925199433
28.08,0.0174532925199433
28.1,0.0174532925199433
28.12,0.0174532925199433
28.14,0.0174532925199433
28.16,0.0174532925199433
28.18,0.0174532925199433
28.2,0.0174532925199433
28.22,0.0174532925199433
28.24,0.0174532925199433
28.26,0.0174532925199433
28.28,0.0174532925199433
28.3,0.0174532925199433
28.32,0.0174532925199433
28.34,0.0174532925199433
28.36,0.0174532925199433
28.38,0.0174532925199433
28.4,0.0174532925199433
28.42,0.0174532925199433
28.44,0.0174532925199433
28.46,0.0174532925199433
28.48,0.0174532925199433
28.5,0.0174532925199433
28.52,0.0174532925199433
28.54,0.0174532925199433
28.56,0.0174532925199433
28.58,0.0174532925199433
28.6,0.0174532925199433
28.62,0.0174532925199433
28.64,0.0174532925199433
28.66,0.0174532925199433
28.68,0.0174532925199433
28.7,0.0174532925199433
28.72,0.0174532925199433
28.74,0.0174532925199433
28.76,0.0174532925199433
28.78,0.0174532925199433
28.8,0.0174532925199433
28.82,0.0174532925199433
28.84,0.0174532925199433
28.86,0.0174532925199433
28.88,0.0174532925199433
28.9,0.0174532925199433
28.92,0.0174532925199433
28.94,0.0174532925199433
28.96,0.0174532925199433
28.98,0.0174532925199433
29,0.0174532925199433
29.02,0.0174532925199433
29.04,0.0174532925199433
29.06,0.0174532925199433
29.08,0.0174532925199433
29.1,0.0174532925199433
29.12,0.0174532925199433
29.14,0.0174532925199433
29.16,0.0174532925199433
29.18,0.0174532925199433
29.2,0.0174532925199433
29.22,0.0174532925199433
29.24,0.0174532925199433
29.26,0.0174532925199433
29.28,0.0174532925199433
29.3,0.0174532925199433
29.32,0.0174532925199433
29.34,0.0174532925199433
29.36,0.0174532925199433
29.38,0.0174532925199433
29.4,0.0174532925199433
29.42,0.0174532925199433
29.44,0.0174532925199433
29.46,0.0174532925199433
29.48,0.0174532925199433
29.5,0.0174532925199433
29.52,0.0174532925199433
29.54,0.0174532925199433
29.56,0.0174532925199433
29.58,0.0174532925199433
29.6,0.0174532925199433
29.62,0.0174532925199433
29.64,0.0174532925199433
29.66,0.0174532925199433
29.68,0.0174532925199433
29.7,0.0174532925199433
29.72,0.0174532925199433
29.74,0.0174532925199433
29.76,0.0174532925199433
29.78,0.0174532925199433
29.8,0.0174532925199433
29.82,0.0174532925199433
29.84,0.0174532925199433
29.86,0.0174532925199433
29.88,0.0174532925199433
29.9,0.0174532925199433
29.92,0.0174532925199433
29.94,0.0174532925199433
29.96,0.0174532925199433
29.98,0.0174532925199433
30,0.0174532925199433
30.02,0.0174532925199433
30.04,0.0174532925199433
30.06,0.0174532925199433
30.08,0.0174532925199433
30.1,0.0174532925199433
30.12,0.0174532925199433
30.14,0.0174532925199433
30.16,0.0174532925199433
30.18,0.0174532925199433
30.2,0.0174532925199433
30.22,0.0174532925199433
30.24,0.0174532925199433
30.26,0.0174532925199433
30.28,0.0174532925199433
30.3,0.0174532925199433
30.32,0.0174532925199433
30.34,0.0174532925199433
30.36,0.0174532925199433
30.38,0.0174532925199433
30.4,0.0174532925199433
30.42,0.0174532925199433
30.44,0.0174532925199433
30.46,0.0174532925199433
30.48,0.0174532925199433
30.5,0.0174532925199433
30.52,0.0174532925199433
30.54,0.0174532925199433
30.56,0.0174532925199433
30.58,0.0174532925199433
30.6,0.0174532925199433
30.62,0.0174532925199433
30.64,0.0174532925199433
30.66,0.0174532925199433
30.68,0.0174532925199433
30.7,0.0174532925199433
30.72,0.0174532925199433
30.74,0.0174532925199433
30.76,0.0174532925199433
30.78,0.0174532925199433
30.8,0.0174532925199433
30.82,0.0174532925199433
30.84,0.0174532925199433
30.86,0.0174532925199433
30.88,0.0174532925199433
30.9,0.0174532925199433
30.92,0.0174532925199433
30.94,0.0174532925199433
30.96,0.0174532925199433
30.98,0.0174532925199433
31,0.0174532925199433
31.02,0.0174532925199433
31.04,0.0174532925199433
31.06,0.0174532925199433
31.08,0.0174532925199433
31.1,0.0174532925199433
31.12,0.0174532925199433
31.14,0.0174532925199433
31.16,0.0174532925199433
31.18,0.0174532925199433
31.2,0.0174532925199433
31.22,0.0174532925199433
31.24,0.0174532925199433
31.26,0.0174532925199433
31.28,0.0174532925199433
31.3,0.0174532925199433
31.32,0.0174532925199433
31.34,0.0174532925199433
31.36,0.0174532925199433
31.38,0.0174532925199433
31.4,0.0174532925199433
31.42,0.0174532925199433
31.44,0.0174532925199433
31.46,0.0174532925199433
31.48,0.0174532925199433
31.5,0.0174532925199433
31.52,0.0174532925199433
31.54,0.0174532925199433
31.56,0.0174532925199433
31.58,0.0174532925199433
31.6,0.0174532925199433
31.62,0.0174532925199433
31.64,0.0174532925199433
31.66,0.0174532925199433
31.68,0.0174532925199433
31.7,0.0174532925199433
31.72,0.0174532925199433
31.74,0.0174532925199433
31.76,0.0174532925199433
31.78,0.0174532925199433
31.8,0.0174532925199433
31.82,0.0174532925199433
31.84,0.0174532925199433
31.86,0.0174532925199433
31.88,0.0174532925199433
31.9,0.0174532925199433
31.92,0.0174532925199433
31.94,0.0174532925199433
31.96,0.0174532925199433
31.98,0.0174532925199433
32,0.0174532925199433
32.02,0.0174532925199433
32.04,0.0174532925199433
32.06,0.0174532925199433
32.08,0.0174532925199433
32.1,0.0174532925199433
32.12,0.0174532925199433
32.14,0.0174532925199433
32.16,0.0174532925199433
32.18,0.0174532925199433
32.2,0.0174532925199433
32.22,0.0174532925199433
32.24,0.0174532925199433
32.26,0.0174532925199433
32.28,0.0174532925199433
32.3,0.0174532925199433
32.32,0.0174532925199433
32.34,0.0174532925199433
32.36,0.0174532925199433
32.38,0.0174532925199433
32.4,0.0174532925199433
32.42,0.0174532925199433
32.44,0.0174532925199433
32.46,0.0174532925199433
32.48,0.0174532925199433
32.5,0.0174532925199433
32.52,0.0174532925199433
32.54,0.0174532925199433
32.56,0.0174532925199433
32.58,0.0174532925199433
32.6,0.0174532925199433
32.62,0.0174532925199433
32.64,0.0174532925199433
32.66,0.0174532925199433
32.68,0.0174532925199433
32.7,0.0174532925199433
32.72,0.0174532925199433
32.74,0.0174532925199433
32.76,0.0174532925199433
32.78,0.0174532925199433
32.8,0.0174532925199433
32.82,0.0174532925199433
32.84,0.0174532925199433
32.86,0.0174532925199433
32.88,0.0174532925199433
32.9,0.0174532925199433
32.92,0.0174532925199433
32.94,0.0174532925199433
32.96,0.0174532925199433
32.98,0.0174532925199433
33,0.0174532925199433
33.02,0.0174532925199433
33.04,0.0174532925199433
33.06,0.0174532925199433
33.08,0.0174532925199433
33.1,0.0174532925199433
33.12,0.0174532925199433
33.14,0.0174532925199433
33.16,0.0174532925199433
33.18,0.0174532925199433
33.2,0.0174532925199433
33.22,0.0174532925199433
33.24,0.0174532925199433
33.26,0.0174532925199433
33.28,0.0174532925199433
33.3,0.0174532925199433
33.32,0.0174532925199433
33.34,0.0174532925199433
33.36,0.0174532925199433
33.38,0.0174532925199433
33.4,0.0174532925199433
33.42,0.0174532925199433
33.44,0.0174532925199433
33.46,0.0174532925199433
33.48,0.0174532925199433
33.5,0.0174532925199433
33.52,0.0174532925199433
33.54,0.0174532925199433
33.56,0.0174532925199433
33.58,0.0174532925199433
33.6,0.0174532925199433
33.62,0.0174532925199433
33.64,0.0174532925199433
33.66,0.0174532925199433
33.68,0.0174532925199433
33.7,0.0174532925199433
33.72,0.0174532925199433
33.74,0.0174532925199433
33.76,0.0174532925199433
33.78,0.0174532925199433
33.8,0.0174532925199433
33.82,0.0174532925199433
33.84,0.0174532925199433
33.86,0.0174532925199433
33.88,0.0174532925199433
33.9,0.0174532925199433
33.92,0.0174532925199433
33.94,0.0174532925199433
33.96,0.0174532925199433
33.98,0.0174532925199433
34,0.0174532925199433
34.02,-0.0174532925199433
34.04,-0.0174532925199433
34.06,-0.0174532925199433
34.08,-0.0174532925199433
34.1,-0.0174532925199433
34.12,-0.0174532925199433
34.14,-0.0174532925199433
34.16,-0.0174532925199433
34.18,-0.0174532925199433
34.2,-0.0174532925199433
34.22,-0.0174532925199433
34.24,-0.0174532925199433
34.26,-0.0174532925199433
34.28,-0.0174532925199433
34.3,-0.0174532925199433
34.32,-0.0174532925199433
34.34,-0.0174532925199433
34.36,-0.0174532925199433
34.38,-0.0174532925199433
34.4,-0.0174532925199433
34.42,-0.0174532925199433
34.44,-0.0174532925199433
34.46,-0.0174532925199433
34.48,-0.0174532925199433
34.5,-0.0174532925199433
34.52,-0.0174532925199433
34.54,-0.0174532925199433
34.56,-0.0174532925199433
34.58,-0.0174532925199433
34.6,-0.0174532925199433
34.62,-0.0174532925199433
34.64,-0.0174532925199433
34.66,-0.0174532925199433
34.68,-0.0174532925199433
34.7,-0.0174532925199433
34.72,-0.0174532925199433
34.74,-0.0174532925199433
34.76,-0.0174532925199433
34.78,-0.0174532925199433
34.8,-0.0174532925199433
34.82,-0.0174532925199433
34.84,-0.0174532925199433
34.86,-0.0174532925199433
34.88,-0.0174532925199433
34.9,-0.0174532925199433
34.92,-0.0174532925199433
34.94,-0.0174532925199433
34.96,-0.0174532925199433
34.98,-0.0174532925199433
35,-0.0174532925199433
35.02,-0.0174532925199433
35.04,-0.0174532925199433
35.06,-0.0174532925199433
35.08,-0.0174532925199433
35.1,-0.0174532925199433
35.12,-0.0174532925199433
35.14,-0.0174532925199433
35.16,-0.0174532925199433
35.18,-0.0174532925199433
35.2,-0.0174532925199433
35.22,-0.0174532925199433
35.24,-0.0174532925199433
35.26,-0.0174532925199433
35.28,-0.0174532925199433
35.3,-0.0174532925199433
35.32,-0.0174532925199433
35.34,-0.0174532925199433
35.36,-0.0174532925199433
35.38,-0.0174532925199433
35.4,-0.0174532925199433
35.42,-0.0174532925199433
35.44,-0.0174532925199433
35.46,-0.0174532925199433
35.48,-0.0174532925199433
35.5,-0.0174532925199433
35.52,-0.0174532925199433
35.54,-0.0174532925199433
35.56,-0.0174532925199433
35.58,-0.0174532925199433
35.6,-0.0174532925199433
35.62,-0.0174532925199433
35.64,-0.0174532925199433
35.66,-0.0174532925199433
35.68,-0.0174532925199433
35.7,-0.0174532925199433
35.72,-0.0174532925199433
35.74,-0.0174532925199433
35.76,-0.0174532925199433
35.78,-0.0174532925199433
35.8,-0.0174532925199433
35.82,-0.0174532925199433
35.84,-0.0174532925199433
35.86,-0.0174532925199433
35.88,-0.0174532925199433
35.9,-0.0174532925199433
35.92,-0.0174532925199433
35.94,-0.0174532925199433
35.96,-0.0174532925199433
35.98,-0.0174532925199433
36,-0.0174532925199433
36.02,-0.0174532925199433
36.04,-0.0174532925199433
36.06,-0.0174532925199433
36.08,-0.0174532925199433
36.1,-0.0174532925199433
36.12,-0.0174532925199433
36.14,-0.0174532925199433
36.16,-0.0174532925199433
36.18,-0.0174532925199433
36.2,-0.0174532925199433
36.22,-0.0174532925199433
36.24,-0.0174532925199433
36.26,-0.0174532925199433
36.28,-0.0174532925199433
36.3,-0.0174532925199433
36.32,-0.0174532925199433
36.34,-0.0174532925199433
36.36,-0.0174532925199433
36.38,-0.0174532925199433
36.4,-0.0174532925199433
36.42,-0.0174532925199433
36.44,-0.0174532925199433
36.46,-0.0174532925199433
36.48,-0.0174532925199433
36.5,-0.0174532925199433
36.52,-0.0174532925199433
36.54,-0.0174532925199433
36.56,-0.0174532925199433
36.58,-0.0174532925199433
36.6,-0.0174532925199433
36.62,-0.0174532925199433
36.64,-0.0174532925199433
36.66,-0.0174532925199433
36.68,-0.0174532925199433
36.7,-0.0174532925199433
36.72,-0.0174532925199433
36.74,-0.0174532925199433
36.76,-0.0174532925199433
36.78,-0.0174532925199433
36.8,-0.0174532925199433
36.82,-0.0174532925199433
36.84,-0.0174532925199433
36.86,-0.0174532925199433
36.88,-0.0174532925199433
36.9,-0.0174532925199433
36.92,-0.0174532925199433
36.94,-0.0174532925199433
36.96,-0.0174532925199433
36.98,-0.0174532925199433
37,-0.0174532925199433
37.02,-0.0174532925199433
37.04,-0.0174532925199433
37.06,-0.0174532925199433
37.08,-0.0174532925199433
37.1,-0.0174532925199433
37.12,-0.0174532925199433
37.14,-0.0174532925199433
37.16,-0.0174532925199433
37.18,-0.0174532925199433
37.2,-0.0174532925199433
37.22,-0.0174532925199433
37.24,-0.0174532925199433
37.26,-0.0174532925199433
37.28,-0.0174532925199433
37.3,-0.0174532925199433
37.32,-0.0174532925199433
37.34,-0.0174532925199433
37.36,-0.0174532925199433
37.38,-0.0174532925199433
37.4,-0.0174532925199433
37.42,-0.0174532925199433
37.44,-0.0174532925199433
37.46,-0.0174532925199433
37.48,-0.0174532925199433
37.5,-0.0174532925199433
37.52,-0.0174532925199433
37.54,-0.0174532925199433
37.56,-0.0174532925199433
37.58,-0.0174532925199433
37.6,-0.0174532925199433
37.62,-0.0174532925199433
37.64,-0.0174532925199433
37.66,-0.0174532925199433
37.68,-0.0174532925199433
37.7,-0.0174532925199433
37.72,-0.0174532925199433
37.74,-0.0174532925199433
37.76,-0.0174532925199433
37.78,-0.0174532925199433
37.8,-0.0174532925199433
37.82,-0.0174532925199433
37.84,-0.0174532925199433
37.86,-0.0174532925199433
37.88,-0.0174532925199433
37.9,-0.0174532925199433
37.92,-0.0174532925199433
37.94,-0.0174532925199433
37.96,-0.0174532925199433
37.98,-0.0174532925199433
38,-0.0174532925199433
38.02,-0.0174532925199433
38.04,-0.0174532925199433
38.06,-0.0174532925199433
38.08,-0.0174532925199433
38.1,-0.0174532925199433
38.12,-0.0174532925199433
38.14,-0.0174532925199433
38.16,-0.0174532925199433
38.18,-0.0174532925199433
38.2,-0.0174532925199433
38.22,-0.0174532925199433
38.24,-0.0174532925199433
38.26,-0.0174532925199433
38.28,-0.0174532925199433
38.3,-0.0174532925199433
38.32,-0.0174532925199433
38.34,-0.0174532925199433
38.36,-0.0174532925199433
38.38,-0.0174532925199433
38.4,-0.0174532925199433
38.42,-0.0174532925199433
38.44,-0.0174532925199433
38.46,-0.0174532925199433
38.48,-0.0174532925199433
38.5,-0.0174532925199433
38.52,-0.0174532925199433
38.54,-0.0174532925199433
38.56,-0.0174532925199433
38.58,-0.0174532925199433
38.6,-0.0174532925199433
38.62,-0.0174532925199433
38.64,-0.0174532925199433
38.66,-0.0174532925199433
38.68,-0.0174532925199433
38.7,-0.0174532925199433
38.72,-0.0174532925199433
38.74,-0.0174532925199433
38.76,-0.0174532925199433
38.78,-0.0174532925199433
38.8,-0.0174532925199433
38.82,-0.0174532925199433
38.84,-0.0174532925199433
38.86,-0.0174532925199433
38.88,-0.0174532925199433
38.9,-0.0174532925199433
38.92,-0.0174532925199433
38.94,-0.0174532925199433
38.96,-0.0174532925199433
38.98,-0.0174532925199433
39,-0.0174532925199433
39.02,-0.0174532925199433
39.04,-0.0174532925199433
39.06,-0.0174532925199433
39.08,-0.0174532925199433
39.1,-0.0174532925199433
39.12,-0.0174532925199433
39.14,-0.0174532925199433
39.16,-0.0174532925199433
39.18,-0.0174532925199433
39.2,-0.0174532925199433
39.22,-0.0174532925199433
39.24,-0.0174532925199433
39.26,-0.0174532925199433
39.28,-0.0174532925199433
39.3,-0.0174532925199433
39.32,-0.0174532925199433
39.34,-0.0174532925199433
39.36,-0.0174532925199433
39.38,-0.0174532925199433
39.4,-0.0174532925199433
39.42,-0.0174532925199433
39.44,-0.0174532925199433
39.46,-0.0174532925199433
39.48,-0.0174532925199433
39.5,-0.0174532925199433
39.52,-0.0174532925199433
39.54,-0.0174532925199433
39.56,-0.0174532925199433
39.58,-0.0174532925199433
39.6,-0.0174532925199433
39.62,-0.0174532925199433
39.64,-0.0174532925199433
39.66,-0.0174532925199433
39.68,-0.0174532925199433
39.7,-0.0174532925199433
39.72,-0.0174532925199433
39.74,-0.0174532925199433
39.76,-0.0174532925199433
39.78,-0.0174532925199433
39.8,-0.0174532925199433
39.82,-0.0174532925199433
39.84,-0.0174532925199433
39.86,-0.0174532925199433
39.88,-0.0174532925199433
39.9,-0.0174532925199433
39.92,-0.0174532925199433
39.94,-0.0174532925199433
39.96,-0.0174532925199433
39.98,-0.0174532925199433
40,0.0174532925199433
40.02,0.0174532925199433
40.04,0.0174532925199433
40.06,0.0174532925199433
40.08,0.0174532925199433
40.1,0.0174532925199433
40.12,0.0174532925199433
40.14,0.0174532925199433
40.16,0.0174532925199433
40.18,0.0174532925199433
40.2,0.0174532925199433
40.22,0.0174532925199433
40.24,0.0174532925199433
40.26,0.0174532925199433
40.28,0.0174532925199433
40.3,0.0174532925199433
40.32,0.0174532925199433
40.34,0.0174532925199433
40.36,0.0174532925199433
40.38,0.0174532925199433
40.4,0.0174532925199433
40.42,0.0174532925199433
40.44,0.0174532925199433
40.46,0.0174532925199433
40.48,0.0174532925199433
40.5,0.0174532925199433
40.52,0.0174532925199433
40.54,0.0174532925199433
40.56,0.0174532925199433
40.58,0.0174532925199433
40.6,0.0174532925199433
40.62,0.0174532925199433
40.64,0.0174532925199433
40.66,0.0174532925199433
40.68,0.0174532925199433
40.7,0.0174532925199433
40.72,0.0174532925199433
40.74,0.0174532925199433
40.76,0.0174532925199433
40.78,0.0174532925199433
40.8,0.0174532925199433
40.82,0.0174532925199433
40.84,0.0174532925199433
40.86,0.0174532925199433
40.88,0.0174532925199433
40.9,0.0174532925199433
40.92,0.0174532925199433
40.94,0.0174532925199433
40.96,0.0174532925199433
40.98,0.0174532925199433
41,0.0174532925199433
41.02,0.0174532925199433
41.04,0.0174532925199433
41.06,0.0174532925199433
41.08,0.0174532925199433
41.1,0.0174532925199433
41.12,0.0174532925199433
41.14,0.0174532925199433
41.16,0.0174532925199433
41.18,0.0174532925199433
41.2,0.0174532925199433
41.22,0.0174532925199433
41.24,0.0174532925199433
41.26,0.0174532925199433
41.28,0.0174532925199433
41.3,0.0174532925199433
41.32,0.0174532925199433
41.34,0.0174532925199433
41.36,0.0174532925199433
41.38,0.0174532925199433
41.4,0.0174532925199433
41.42,0.0174532925199433
41.44,0.0174532925199433
41.46,0.0174532925199433
41.48,0.0174532925199433
41.5,0.0174532925199433
41.52,0.0174532925199433
41.54,0.0174532925199433
41.56,0.0174532925199433
41.58,0.0174532925199433
41.6,0.0174532925199433
41.62,0.0174532925199433
41.64,0.0174532925199433
41.66,0.0174532925199433
41.68,0.0174532925199433
41.7,0.0174532925199433
41.72,0.0174532925199433
41.74,0.0174532925199433
41.76,0.0174532925199433
41.78,0.0174532925199433
41.8,0.0174532925199433
41.82,0.0174532925199433
41.84,0.0174532925199433
41.86,0.0174532925199433
41.88,0.0174532925199433
41.9,0.0174532925199433
41.92,0.0174532925199433
41.94,0.0174532925199433
41.96,0.0174532925199433
41.98,0.0174532925199433
42,0.0174532925199433
42.02,0.0174532925199433
42.04,0.0174532925199433
42.06,0.0174532925199433
42.08,0.0174532925199433
42.1,0.0174532925199433
42.12,0.0174532925199433
42.14,0.0174532925199433
42.16,0.0174532925199433
42.18,0.0174532925199433
42.2,0.0174532925199433
42.22,0.0174532925199433
42.24,0.0174532925199433
42.26,0.0174532925199433
42.28,0.0174532925199433
42.3,0.0174532925199433
42.32,0.0174532925199433
42.34,0.0174532925199433
42.36,0.0174532925199433
42.38,0.0174532925199433
42.4,0.0174532925199433
42.42,0.0174532925199433
42.44,0.0174532925199433
42.46,0.0174532925199433
42.48,0.0174532925199433
42.5,0.0174532925199433
42.52,0.0174532925199433
42.54,0.0174532925199433
42.56,0.0174532925199433
42.58,0.0174532925199433
42.6,0.0174532925199433
42.62,0.0174532925199433
42.64,0.0174532925199433
42.66,0.0174532925199433
42.68,0.0174532925199433
42.7,0.0174532925199433
42.72,0.0174532925199433
42.74,0.0174532925199433
42.76,0.0174532925199433
42.78,0.0174532925199433
42.8,0.0174532925199433
42.82,0.0174532925199433
42.84,0.0174532925199433
42.86,0.0174532925199433
42.88,0.0174532925199433
42.9,0.0174532925199433
42.92,0.0174532925199433
42.94,0.0174532925199433
42.96,0.0174532925199433
42.98,0.0174532925199433
43,0.0174532925199433
43.02,0.0174532925199433
43.04,0.0174532925199433
43.06,0.0174532925199433
43.08,0.0174532925199433
43.1,0.0174532925199433
43.12,0.0174532925199433
43.14,0.0174532925199433
43.16,0.0174532925199433
43.18,0.0174532925199433
43.2,0.0174532925199433
43.22,0.0174532925199433
43.24,0.0174532925199433
43.26,0.0174532925199433
43.28,0.0174532925199433
43.3,0.0174532925199433
43.32,0.0174532925199433
43.34,0.0174532925199433
43.36,0.0174532925199433
43.38,0.0174532925199433
43.4,0.0174532925199433
43.42,0.0174532925199433
43.44,0.0174532925199433
43.46,0.0174532925199433
43.48,0.0174532925199433
43.5,0.0174532925199433
43.52,0.0174532925199433
43.54,0.0174532925199433
43.56,0.0174532925199433
43.58,0.0174532925199433
43.6,0.0174532925199433
43.62,0.0174532925199433
43.64,0.0174532925199433
43.66,0.0174532925199433
43.68,0.0174532925199433
43.7,0.0174532925199433
43.72,0.0174532925199433
43.74,0.0174532925199433
43.76,0.0174532925199433
43.78,0.0174532925199433
43.8,0.0174532925199433
43.82,0.0174532925199433
43.84,0.0174532925199433
43.86,0.0174532925199433
43.88,0.0174532925199433
43.9,0.0174532925199433
43.92,0.0174532925199433
43.94,0.0174532925199433
43.96,0.0174532925199433
43.98,0.0174532925199433
44,0.0174532925199433
44.02,0.0174532925199433
44.04,0.0174532925199433
44.06,0.0174532925199433
44.08,0.0174532925199433
44.1,0.0174532925199433
44.12,0.0174532925199433
44.14,0.0174532925199433
44.16,0.0174532925199433
44.18,0.0174532925199433
44.2,0.0174532925199433
44.22,0.0174532925199433
44.24,0.0174532925199433
44.26,0.0174532925199433
44.28,0.0174532925199433
44.3,0.0174532925199433
44.32,0.0174532925199433
44.34,0.0174532925199433
44.36,0.0174532925199433
44.38,0.0174532925199433
44.4,0.0174532925199433
44.42,0.0174532925199433
44.44,0.0174532925199433
44.46,0.0174532925199433
44.48,0.0174532925199433
44.5,0.0174532925199433
44.52,0.0174532925199433
44.54,0.0174532925199433
44.56,0.0174532925199433
44.58,0.0174532925199433
44.6,0.0174532925199433
44.62,0.0174532925199433
44.64,0.0174532925199433
44.66,0.0174532925199433
44.68,0.0174532925199433
44.7,0.0174532925199433
44.72,0.0174532925199433
44.74,0.0174532925199433
44.76,0.0174532925199433
44.78,0.0174532925199433
44.8,0.0174532925199433
44.82,0.0174532925199433
44.84,0.0174532925199433
44.86,0.0174532925199433
44.88,0.0174532925199433
44.9,0.0174532925199433
44.92,0.0174532925199433
44.94,0.0174532925199433
44.96,0.0174532925199433
44.98,0.0174532925199433
45,0.0174532925199433
45.02,0.0174532925199433
45.04,0.0174532925199433
45.06,0.0174532925199433
45.08,0.0174532925199433
45.1,0.0174532925199433
45.12,0.0174532925199433
45.14,0.0174532925199433
45.16,0.0174532925199433
45.18,0.0174532925199433
45.2,0.0174532925199433
45.22,0.0174532925199433
45.24,0.0174532925199433
45.26,0.0174532925199433
45.28,0.0174532925199433
45.3,0.0174532925199433
45.32,0.0174532925199433
45.34,0.0174532925199433
45.36,0.0174532925199433
45.38,0.0174532925199433
45.4,0.0174532925199433
45.42,0.0174532925199433
45.44,0.0174532925199433
45.46,0.0174532925199433
45.48,0.0174532925199433
45.5,0.0174532925199433
45.52,0.0174532925199433
45.54,0.0174532925199433
45.56,0.0174532925199433
45.58,0.0174532925199433
45.6,0.0174532925199433
45.62,0.0174532925199433
45.64,0.0174532925199433
45.66,0.0174532925199433
45.68,0.0174532925199433
45.7,0.0174532925199433
45.72,0.0174532925199433
45.74,0.0174532925199433
45.76,0.0174532925199433
45.78,0.0174532925199433
45.8,0.0174532925199433
45.82,0.0174532925199433
45.84,0.0174532925199433
45.86,0.0174532925199433
45.88,0.0174532925199433
45.9,0.0174532925199433
45.92,0.0174532925199433
45.94,0.0174532925199433
45.96,0.0174532925199433
45.98,0.0174532925199433
46,0.0174532925199433
46.02,-0.0174532925199433
46.04,-0.0174532925199433
46.06,-0.0174532925199433
46.08,-0.0174532925199433
46.1,-0.0174532925199433
46.12,-0.0174532925199433
46.14,-0.0174532925199433
46.16,-0.0174532925199433
46.18,-0.0174532925199433
46.2,-0.0174532925199433
46.22,-0.0174532925199433
46.24,-0.0174532925199433
46.26,-0.0174532925199433
46.28,-0.0174532925199433
46.3,-0.0174532925199433
46.32,-0.0174532925199433
46.34,-0.0174532925199433
46.36,-0.0174532925199433
46.38,-0.0174532925199433
46.4,-0.0174532925199433
46.42,-0.0174532925199433
46.44,-0.0174532925199433
46.46,-0.0174532925199433
46.48,-0.0174532925199433
46.5,-0.0174532925199433
46.52,-0.0174532925199433
46.54,-0.0174532925199433
46.56,-0.0174532925199433
46.58,-0.0174532925199433
46.6,-0.0174532925199433
46.62,-0.0174532925199433
46.64,-0.0174532925199433
46.66,-0.0174532925199433
46.68,-0.0174532925199433
46.7,-0.0174532925199433
46.72,-0.0174532925199433
46.74,-0.0174532925199433
46.76,-0.0174532925199433
46.78,-0.0174532925199433
46.8,-0.0174532925199433
46.82,-0.0174532925199433
46.84,-0.0174532925199433
46.86,-0.0174532925199433
46.88,-0.0174532925199433
46.9,-0.0174532925199433
46.92,-0.0174532925199433
46.94,-0.0174532925199433
46.96,-0.0174532925199433
46.98,-0.0174532925199433
47,-0.0174532925199433
47.02,-0.0174532925199433
47.04,-0.0174532925199433
47.06,-0.0174532925199433
47.08,-0.0174532925199433
47.1,-0.0174532925199433
47.12,-0.0174532925199433
47.14,-0.0174532925199433
47.16,-0.0174532925199433
47.18,-0.0174532925199433
47.2,-0.0174532925199433
47.22,-0.0174532925199433
47.24,-0.0174532925199433
47.26,-0.0174532925199433
47.28,-0.0174532925199433
47.3,-0.0174532925199433
47.32,-0.0174532925199433
47.34,-0.0174532925199433
47.36,-0.0174532925199433
47.38,-0.0174532925199433
47.4,-0.0174532925199433
47.42,-0.0174532925199433
47.44,-0.0174532925199433
47.46,-0.0174532925199433
47.48,-0.0174532925199433
47.5,-0.0174532925199433
47.52,-0.0174532925199433
47.54,-0.0174532925199433
47.56,-0.0174532925199433
47.58,-0.0174532925199433
47.6,-0.0174532925199433
47.62,-0.0174532925199433
47.64,-0.0174532925199433
47.66,-0.0174532925199433
47.68,-0.0174532925199433
47.7,-0.0174532925199433
47.72,-0.0174532925199433
47.74,-0.0174532925199433
47.76,-0.0174532925199433
47.78,-0.0174532925199433
47.8,-0.0174532925199433
47.82,-0.0174532925199433
47.84,-0.0174532925199433
47.86,-0.0174532925199433
47.88,-0.0174532925199433
47.9,-0.0174532925199433
47.92,-0.0174532925199433
47.94,-0.0174532925199433
47.96,-0.0174532925199433
47.98,-0.0174532925199433
48,-0.0174532925199433
48.02,-0.0174532925199433
48.04,-0.0174532925199433
48.06,-0.0174532925199433
48.08,-0.0174532925199433
48.1,-0.0174532925199433
48.12,-0.0174532925199433
48.14,-0.0174532925199433
48.16,-0.0174532925199433
48.18,-0.0174532925199433
48.2,-0.0174532925199433
48.22,-0.0174532925199433
48.24,-0.0174532925199433
48.26,-0.0174532925199433
48.28,-0.0174532925199433
48.3,-0.0174532925199433
48.32,-0.0174532925199433
48.34,-0.0174532925199433
48.36,-0.0174532925199433
48.38,-0.0174532925199433
48.4,-0.0174532925199433
48.42,-0.0174532925199433
48.44,-0.0174532925199433
48.46,-0.0174532925199433
48.48,-0.0174532925199433
48.5,-0.0174532925199433
48.52,-0.0174532925199433
48.54,-0.0174532925199433
48.56,-0.0174532925199433
48.58,-0.0174532925199433
48.6,-0.0174532925199433
48.62,-0.0174532925199433
48.64,-0.0174532925199433
48.66,-0.0174532925199433
48.68,-0.0174532925199433
48.7,-0.0174532925199433
48.72,-0.0174532925199433
48.74,-0.0174532925199433
48.76,-0.0174532925199433
48.78,-0.0174532925199433
48.8,-0.0174532925199433
48.82,-0.0174532925199433
48.84,-0.0174532925199433
48.86,-0.0174532925199433
48.88,-0.0174532925199433
48.9,-0.0174532925199433
48.92,-0.0174532925199433
48.94,-0.0174532925199433
48.96,-0.0174532925199433
48.98,-0.0174532925199433
49,-0.0174532925199433
49.02,-0.0174532925199433
49.04,-0.0174532925199433
49.06,-0.0174532925199433
49.08,-0.0174532925199433
49.1,-0.0174532925199433
49.12,-0.0174532925199433
49.14,-0.0174532925199433
49.16,-0.0174532925199433
49.18,-0.0174532925199433
49.2,-0.0174532925199433
49.22,-0.0174532925199433
49.24,-0.0174532925199433
49.26,-0.0174532925199433
49.28,-0.0174532925199433
49.3,-0.0174532925199433
49.32,-0.0174532925199433
49.34,-0.0174532925199433
49.36,-0.0174532925199433
49.38,-0.0174532925199433
49.4,-0.0174532925199433
49.42,-0.0174532925199433
49.44,-0.0174532925199433
49.46,-0.0174532925199433
49.48,-0.0174532925199433
49.5,-0.0174532925199433
49.52,-0.0174532925199433
49.54,-0.0174532925199433
49.56,-0.0174532925199433
49.58,-0.0174532925199433
49.6,-0.0174532925199433
49.62,-0.0174532925199433
49.64,-0.0174532925199433
49.66,-0.0174532925199433
49.68,-0.0174532925199433
49.7,-0.0174532925199433
49.72,-0.0174532925199433
49.74,-0.0174532925199433
49.76,-0.0174532925199433
49.78,-0.0174532925199433
49.8,-0.0174532925199433
49.82,-0.0174532925199433
49.84,-0.0174532925199433
49.86,-0.0174532925199433
49.88,-0.0174532925199433
49.9,-0.0174532925199433
49.92,-0.0174532925199433
49.94,-0.0174532925199433
49.96,-0.0174532925199433
49.98,-0.0174532925199433
50,-0.0174532925199433
50.02,-0.0174532925199433
50.04,-0.0174532925199433
50.06,-0.0174532925199433
50.08,-0.0174532925199433
50.1,-0.0174532925199433
50.12,-0.0174532925199433
50.14,-0.0174532925199433
50.16,-0.0174532925199433
50.18,-0.0174532925199433
50.2,-0.0174532925199433
50.22,-0.0174532925199433
50.24,-0.0174532925199433
50.26,-0.0174532925199433
50.28,-0.0174532925199433
50.3,-0.0174532925199433
50.32,-0.0174532925199433
50.34,-0.0174532925199433
50.36,-0.0174532925199433
50.38,-0.0174532925199433
50.4,-0.0174532925199433
50.42,-0.0174532925199433
50.44,-0.0174532925199433
50.46,-0.0174532925199433
50.48,-0.0174532925199433
50.5,-0.0174532925199433
50.52,-0.0174532925199433
50.54,-0.0174532925199433
50.56,-0.0174532925199433
50.58,-0.0174532925199433
50.6,-0.0174532925199433
50.62,-0.0174532925199433
50.64,-0.0174532925199433
50.66,-0.0174532925199433
50.68,-0.0174532925199433
50.7,-0.0174532925199433
50.72,-0.0174532925199433
50.74,-0.0174532925199433
50.76,-0.0174532925199433
50.78,-0.0174532925199433
50.8,-0.0174532925199433
50.82,-0.0174532925199433
50.84,-0.0174532925199433
50.86,-0.0174532925199433
50.88,-0.0174532925199433
50.9,-0.0174532925199433
50.92,-0.0174532925199433
50.94,-0.0174532925199433
50.96,-0.0174532925199433
50.98,-0.0174532925199433
51,-0.0174532925199433
51.02,-0.0174532925199433
51.04,-0.0174532925199433
51.06,-0.0174532925199433
51.08,-0.0174532925199433
51.1,-0.0174532925199433
51.12,-0.0174532925199433
51.14,-0.0174532925199433
51.16,-0.0174532925199433
51.18,-0.0174532925199433
51.2,-0.0174532925199433
51.22,-0.0174532925199433
51.24,-0.0174532925199433
51.26,-0.0174532925199433
51.28,-0.0174532925199433
51.3,-0.0174532925199433
51.32,-0.0174532925199433
51.34,-0.0174532925199433
51.36,-0.0174532925199433
51.38,-0.0174532925199433
51.4,-0.0174532925199433
51.42,-0.0174532925199433
51.44,-0.0174532925199433
51.46,-0.0174532925199433
51.48,-0.0174532925199433
51.5,-0.0174532925199433
51.52,-0.0174532925199433
51.54,-0.0174532925199433
51.56,-0.0174532925199433
51.58,-0.0174532925199433
51.6,-0.0174532925199433
51.62,-0.0174532925199433
51.64,-0.0174532925199433
51.66,-0.0174532925199433
51.68,-0.0174532925199433
51.7,-0.0174532925199433
51.72,-0.0174532925199433
51.74,-0.0174532925199433
51.76,-0.0174532925199433
51.78,-0.0174532925199433
51.8,-0.0174532925199433
51.82,-0.0174532925199433
51.84,-0.0174532925199433
51.86,-0.0174532925199433
51.88,-0.0174532925199433
51.9,-0.0174532925199433
51.92,-0.0174532925199433
51.94,-0.0174532925199433
51.96,-0.0174532925199433
51.98,-0.0174532925199433
52,0.0174532925199433
52.02,0.0174532925199433
52.04,0.0174532925199433
52.06,0.0174532925199433
52.08,0.0174532925199433
52.1,0.0174532925199433
52.12,0.0174532925199433
52.14,0.0174532925199433
52.16,0.0174532925199433
52.18,0.0174532925199433
52.2,0.0174532925199433
52.22,0.0174532925199433
52.24,0.0174532925199433
52.26,0.0174532925199433
52.28,0.0174532925199433
52.3,0.0174532925199433
52.32,0.0174532925199433
52.34,0.0174532925199433
52.36,0.0174532925199433
52.38,0.0174532925199433
52.4,0.0174532925199433
52.42,0.0174532925199433
52.44,0.0174532925199433
52.46,0.0174532925199433
52.48,0.0174532925199433
52.5,0.0174532925199433
52.52,0.0174532925199433
52.54,0.0174532925199433
52.56,0.0174532925199433
52.58,0.0174532925199433
52.6,0.0174532925199433
52.62,0.0174532925199433
52.64,0.0174532925199433
52.66,0.0174532925199433
52.68,0.0174532925199433
52.7,0.0174532925199433
52.72,0.0174532925199433
52.74,0.0174532925199433
52.76,0.0174532925199433
52.78,0.0174532925199433
52.8,0.0174532925199433
52.82,0.0174532925199433
52.84,0.0174532925199433
52.86,0.0174532925199433
52.88,0.0174532925199433
52.9,0.0174532925199433
52.92,0.0174532925199433
52.94,0.0174532925199433
52.96,0.0174532925199433
52.98,0.0174532925199433
53,0.0174532925199433
53.02,0.0174532925199433
53.04,0.0174532925199433
53.06,0.0174532925199433
53.08,0.0174532925199433
53.1,0.0174532925199433
53.12,0.0174532925199433
53.14,0.0174532925199433
53.16,0.0174532925199433
53.18,0.0174532925199433
53.2,0.0174532925199433
53.22,0.0174532925199433
53.24,0.0174532925199433
53.26,0.0174532925199433
53.28,0.0174532925199433
53.3,0.0174532925199433
53.32,0.0174532925199433
53.34,0.0174532925199433
53.36,0.0174532925199433
53.38,0.0174532925199433
53.4,0.0174532925199433
53.42,0.0174532925199433
53.44,0.0174532925199433
53.46,0.0174532925199433
53.48,0.0174532925199433
53.5,0.0174532925199433
53.52,0.0174532925199433
53.54,0.0174532925199433
53.56,0.0174532925199433
53.58,0.0174532925199433
53.6,0.0174532925199433
53.62,0.0174532925199433
53.64,0.0174532925199433
53.66,0.0174532925199433
53.68,0.0174532925199433
53.7,0.0174532925199433
53.72,0.0174532925199433
53.74,0.0174532925199433
53.76,0.0174532925199433
53.78,0.0174532925199433
53.8,0.0174532925199433
53.82,0.0174532925199433
53.84,0.0174532925199433
53.86,0.0174532925199433
53.88,0.0174532925199433
53.9,0.0174532925199433
53.92,0.0174532925199433
53.94,0.0174532925199433
53.96,0.0174532925199433
53.98,0.0174532925199433
54,0.0174532925199433
54.02,0.0174532925199433
54.04,0.0174532925199433
54.06,0.0174532925199433
54.08,0.0174532925199433
54.1,0.0174532925199433
54.12,0.0174532925199433
54.14,0.0174532925199433
54.16,0.0174532925199433
54.18,0.0174532925199433
54.2,0.0174532925199433
54.22,0.0174532925199433
54.24,0.0174532925199433
54.26,0.0174532925199433
54.28,0.0174532925199433
54.3,0.0174532925199433
54.32,0.0174532925199433
54.34,0.0174532925199433
54.36,0.0174532925199433
54.38,0.0174532925199433
54.4,0.0174532925199433
54.42,0.0174532925199433
54.44,0.0174532925199433
54.46,0.0174532925199433
54.48,0.0174532925199433
54.5,0.0174532925199433
54.52,0.0174532925199433
54.54,0.0174532925199433
54.56,0.0174532925199433
54.58,0.0174532925199433
54.6,0.0174532925199433
54.62,0.0174532925199433
54.64,0.0174532925199433
54.66,0.0174532925199433
54.68,0.0174532925199433
54.7,0.0174532925199433
54.72,0.0174532925199433
54.74,0.0174532925199433
54.76,0.0174532925199433
54.78,0.0174532925199433
54.8,0.0174532925199433
54.82,0.0174532925199433
54.84,0.0174532925199433
54.86,0.0174532925199433
54.88,0.0174532925199433
54.9,0.0174532925199433
54.92,0.0174532925199433
54.94,0.0174532925199433
54.96,0.0174532925199433
54.98,0.0174532925199433
55,0.0174532925199433
55.02,0.0174532925199433
55.04,0.0174532925199433
55.06,0.0174532925199433
55.08,0.0174532925199433
55.1,0.0174532925199433
55.12,0.0174532925199433
55.14,0.0174532925199433
55.16,0.0174532925199433
55.18,0.0174532925199433
55.2,0.0174532925199433
55.22,0.0174532925199433
55.24,0.0174532925199433
55.26,0.0174532925199433
55.28,0.0174532925199433
55.3,0.0174532925199433
55.32,0.0174532925199433
55.34,0.0174532925199433
55.36,0.0174532925199433
55.38,0.0174532925199433
55.4,0.0174532925199433
55.42,0.0174532925199433
55.44,0.0174532925199433
55.46,0.0174532925199433
55.48,0.0174532925199433
55.5,0.0174532925199433
55.52,0.0174532925199433
55.54,0.0174532925199433
55.56,0.0174532925199433
55.58,0.0174532925199433
55.6,0.0174532925199433
55.62,0.0174532925199433
55.64,0.0174532925199433
55.66,0.0174532925199433
55.68,0.0174532925199433
55.7,0.0174532925199433
55.72,0.0174532925199433
55.74,0.0174532925199433
55.76,0.0174532925199433
55.78,0.0174532925199433
55.8,0.0174532925199433
55.82,0.0174532925199433
55.84,0.0174532925199433
55.86,0.0174532925199433
55.88,0.0174532925199433
55.9,0.0174532925199433
55.92,0.0174532925199433
55.94,0.0174532925199433
55.96,0.0174532925199433
55.98,0.0174532925199433
56,0.0174532925199433
56.02,0.0174532925199433
56.04,0.0174532925199433
56.06,0.0174532925199433
56.08,0.0174532925199433
56.1,0.0174532925199433
56.12,0.0174532925199433
56.14,0.0174532925199433
56.16,0.0174532925199433
56.18,0.0174532925199433
56.2,0.0174532925199433
56.22,0.0174532925199433
56.24,0.0174532925199433
56.26,0.0174532925199433
56.28,0.0174532925199433
56.3,0.0174532925199433
56.32,0.0174532925199433
56.34,0.0174532925199433
56.36,0.0174532925199433
56.38,0.0174532925199433
56.4,0.0174532925199433
56.42,0.0174532925199433
56.44,0.0174532925199433
56.46,0.0174532925199433
56.48,0.0174532925199433
56.5,0.0174532925199433
56.52,0.0174532925199433
56.54,0.0174532925199433
56.56,0.0174532925199433
56.58,0.0174532925199433
56.6,0.0174532925199433
56.62,0.0174532925199433
56.64,0.0174532925199433
56.66,0.0174532925199433
56.68,0.0174532925199433
56.7,0.0174532925199433
56.72,0.0174532925199433
56.74,0.0174532925199433
56.76,0.0174532925199433
56.78,0.0174532925199433
56.8,0.0174532925199433
56.82,0.0174532925199433
56.84,0.0174532925199433
56.86,0.0174532925199433
56.88,0.0174532925199433
56.9,0.0174532925199433
56.92,0.0174532925199433
56.94,0.0174532925199433
56.96,0.0174532925199433
56.98,0.0174532925199433
57,0.0174532925199433
57.02,0.0174532925199433
57.04,0.0174532925199433
57.06,0.0174532925199433
57.08,0.0174532925199433
57.1,0.0174532925199433
57.12,0.0174532925199433
57.14,0.0174532925199433
57.16,0.0174532925199433
57.18,0.0174532925199433
57.2,0.0174532925199433
57.22,0.0174532925199433
57.24,0.0174532925199433
57.26,0.0174532925199433
57.28,0.0174532925199433
57.3,0.0174532925199433
57.32,0.0174532925199433
57.34,0.0174532925199433
57.36,0.0174532925199433
57.38,0.0174532925199433
57.4,0.0174532925199433
57.42,0.0174532925199433
57.44,0.0174532925199433
57.46,0.0174532925199433
57.48,0.0174532925199433
57.5,0.0174532925199433
57.52,0.0174532925199433
57.54,0.0174532925199433
57.56,0.0174532925199433
57.58,0.0174532925199433
57.6,0.0174532925199433
57.62,0.0174532925199433
57.64,0.0174532925199433
57.66,0.0174532925199433
57.68,0.0174532925199433
57.7,0.0174532925199433
57.72,0.0174532925199433
57.74,0.0174532925199433
57.76,0.0174532925199433
57.78,0.0174532925199433
57.8,0.0174532925199433
57.82,0.0174532925199433
57.84,0.0174532925199433
57.86,0.0174532925199433
57.88,0.0174532925199433
57.9,0.0174532925199433
57.92,0.0174532925199433
57.94,0.0174532925199433
57.96,0.0174532925199433
57.98,0.0174532925199433
58,0.0174532925199433
58.02,-0.0174532925199433
58.04,-0.0174532925199433
58.06,-0.0174532925199433
58.08,-0.0174532925199433
58.1,-0.0174532925199433
58.12,-0.0174532925199433
58.14,-0.0174532925199433
58.16,-0.0174532925199433
58.18,-0.0174532925199433
58.2,-0.0174532925199433
58.22,-0.0174532925199433
58.24,-0.0174532925199433
58.26,-0.0174532925199433
58.28,-0.0174532925199433
58.3,-0.0174532925199433
58.32,-0.0174532925199433
58.34,-0.0174532925199433
58.36,-0.0174532925199433
58.38,-0.0174532925199433
58.4,-0.0174532925199433
58.42,-0.0174532925199433
58.44,-0.0174532925199433
58.46,-0.0174532925199433
58.48,-0.0174532925199433
58.5,-0.0174532925199433
58.52,-0.0174532925199433
58.54,-0.0174532925199433
58.56,-0.0174532925199433
58.58,-0.0174532925199433
58.6,-0.0174532925199433
58.62,-0.0174532925199433
58.64,-0.0174532925199433
58.66,-0.0174532925199433
58.68,-0.0174532925199433
58.7,-0.0174532925199433
58.72,-0.0174532925199433
58.74,-0.0174532925199433
58.76,-0.0174532925199433
58.78,-0.0174532925199433
58.8,-0.0174532925199433
58.82,-0.0174532925199433
58.84,-0.0174532925199433
58.86,-0.0174532925199433
58.88,-0.0174532925199433
58.9,-0.0174532925199433
58.92,-0.0174532925199433
58.94,-0.0174532925199433
58.96,-0.0174532925199433
58.98,-0.0174532925199433
59,-0.0174532925199433
59.02,-0.0174532925199433
59.04,-0.0174532925199433
59.06,-0.0174532925199433
59.08,-0.0174532925199433
59.1,-0.0174532925199433
59.12,-0.0174532925199433
59.14,-0.0174532925199433
59.16,-0.0174532925199433
59.18,-0.0174532925199433
59.2,-0.0174532925199433
59.22,-0.0174532925199433
59.24,-0.0174532925199433
59.26,-0.0174532925199433
59.28,-0.0174532925199433
59.3,-0.0174532925199433
59.32,-0.0174532925199433
59.34,-0.0174532925199433
59.36,-0.0174532925199433
59.38,-0.0174532925199433
59.4,-0.0174532925199433
59.42,-0.0174532925199433
59.44,-0.0174532925199433
59.46,-0.0174532925199433
59.48,-0.0174532925199433
59.5,-0.0174532925199433
59.52,-0.0174532925199433
59.54,-0.0174532925199433
59.56,-0.0174532925199433
59.58,-0.0174532925199433
59.6,-0.0174532925199433
59.62,-0.0174532925199433
59.64,-0.0174532925199433
59.66,-0.0174532925199433
59.68,-0.0174532925199433
59.7,-0.0174532925199433
59.72,-0.0174532925199433
59.74,-0.0174532925199433
59.76,-0.0174532925199433
59.78,-0.0174532925199433
59.8,-0.0174532925199433
59.82,-0.0174532925199433
59.84,-0.0174532925199433
59.86,-0.0174532925199433
59.88,-0.0174532925199433
59.9,-0.0174532925199433
59.92,-0.0174532925199433
59.94,-0.0174532925199433
59.96,-0.0174532925199433
59.98,-0.0174532925199433
60,-0.0174532925199433
